year,mean,lower,upper,indicator
1990,0.18369973190348524,0.11966466658155667,0.2442933741861356,hyper
1991,0.18946708052335035,0.12366657448739218,0.25197513523763854,hyper
1992,0.189643935158081,0.12374551626785718,0.2536396743495193,hyper
1993,0.18967432535024117,0.1230861615674189,0.252742034914296,hyper
1994,0.18967732846073623,0.12359620569072664,0.2519301926237944,hyper
1995,0.18961117188775206,0.12376924881619925,0.25166307436118124,hyper
1996,0.18945416363555417,0.12314056361754029,0.25322320121350245,hyper
1997,0.1900877847913372,0.12457471556721376,0.25332872831069575,hyper
1998,0.18982495626800813,0.12347998725604907,0.25345845465887035,hyper
1999,0.19005262394796937,0.12472021870922739,0.25396532301616287,hyper
2000,0.1898287915975298,0.12333011100532934,0.2541989243659823,hyper
2001,0.19065377362943095,0.125832473233976,0.25426970988624065,hyper
2002,0.19132636696501806,0.1261806986122128,0.254405989171867,hyper
2003,0.19159598100378278,0.12662690158883846,0.2552479862261499,hyper
2004,0.19258822639651915,0.12686685517218316,0.2560283611650901,hyper
2005,0.19417542907233787,0.1284507769872681,0.25721931280519583,hyper
2006,0.19590971221721878,0.13090000112398772,0.2590859187218354,hyper
2007,0.19743693972679163,0.1317528714710718,0.26036219691038415,hyper
2008,0.19922685432518225,0.1337556624439504,0.26215140838924966,hyper
2009,0.20105930832308355,0.13446639442164574,0.2646079293884863,hyper
2010,0.20305785801810747,0.13591588968826837,0.2653989744419196,hyper
2011,0.20498190741326597,0.13810877489618767,0.2675210383248834,hyper
2012,0.20751422081162463,0.14173564190892957,0.27087595883293797,hyper
2013,0.21007613270113112,0.14417772866604997,0.2727167789192942,hyper
2014,0.21309759830049643,0.14653169415720946,0.2765084716762565,hyper
2015,0.21589910260475173,0.14913827352831802,0.27976251335403113,hyper
2016,0.21903328267230754,0.15323982087427213,0.2828196370535503,hyper
2017,0.22222967254743028,0.1561959953272191,0.2864630630992929,hyper
2018,0.22593467325019037,0.1604051686988789,0.28965801409458464,hyper
2019,0.22930852774472246,0.1634638323236582,0.29304872674850296,hyper
2020,0.23268808732207252,0.16614116269510035,0.29673025727279384,hyper
2021,0.23648936466683615,0.16978187859611554,0.29973000337032374,hyper
2022,0.23974653325017645,0.17261008562835087,0.3035810863509768,hyper
2023,0.24342722246690454,0.17690368277888863,0.30755602492315864,hyper
2024,0.24791669764171517,0.18124692065834466,0.31168058033458457,hyper
2025,0.25179902616046823,0.18509415763785414,0.315357991847522,hyper
2026,0.2557339311356883,0.1882572997309013,0.3200086232285512,hyper
2027,0.25922345821692966,0.19143674973761124,0.32269653395617454,hyper
2028,0.26270813378947777,0.19575789633822183,0.32579659841651276,hyper
2029,0.26571503197373747,0.1995883997501185,0.32917985915115183,hyper
2030,0.2692684299536067,0.2022909643237102,0.3323030750870963,hyper
2031,0.2723013059275344,0.20501944093556204,0.3364774364794163,hyper
2032,0.27531525165781295,0.2084700309384506,0.3385839665574168,hyper
2033,0.2782933596870639,0.21187715050079078,0.34135480690108777,hyper
2034,0.28116573373087606,0.21426777685819834,0.34395879018010755,hyper
2035,0.2832588711615804,0.2168835647169143,0.3460950840883331,hyper
2036,0.285267909230627,0.21896089656104875,0.3482314709217491,hyper
2037,0.2875624028555761,0.22027486911245878,0.3502352965410485,hyper
2038,0.28962992192430115,0.2228302049302894,0.3528799327812495,hyper
2039,0.291975408657832,0.22491502294875507,0.354610666073292,hyper
2040,0.29364154315817376,0.22644765780079,0.3563673358770004,hyper
2041,0.2953850069363082,0.22802512644536524,0.35806293863634364,hyper
2042,0.2969638635949275,0.22969772318496004,0.3592906731461233,hyper
2043,0.2985364560742027,0.23095197755852678,0.3606958108362522,hyper
2044,0.3000357651427279,0.2326965309955027,0.36302905491156684,hyper
2045,0.30142195594721605,0.23452409897352763,0.3639504846935861,hyper
2046,0.30289524510550214,0.23647869024230087,0.366010364577239,hyper
2047,0.3044643371578075,0.2373994475453836,0.3675252363237485,hyper
2048,0.3063110077492144,0.24006746192845727,0.36894004029042293,hyper
2049,0.3078927725227851,0.2406584479799569,0.370959778753736,hyper
2050,0.30991163776732283,0.24228354079440267,0.3726724483378058,hyper
1990,0.3713262661955241,0.3030270906949352,0.4403828032979976,diab
1991,0.3770477011149735,0.30588679849636785,0.44862512507715485,diab
1992,0.37684677954978957,0.30606923474159753,0.44734717462044604,diab
1993,0.37723219498186333,0.3045631592158864,0.4484511046133853,diab
1994,0.37693321365224597,0.30684990397702544,0.4459248015332992,diab
1995,0.3773688829524746,0.30967496645165354,0.44593407628543275,diab
1996,0.3758689191753687,0.3083735142952763,0.44394959062598693,diab
1997,0.37808123551778855,0.30890833372628423,0.4461994186883887,diab
1998,0.3770800402263923,0.3061976020458043,0.44620125081818257,diab
1999,0.37589665866325794,0.30997537490853855,0.43936857960733544,diab
2000,0.3744873838950232,0.30668828318171615,0.4414763413287919,diab
2001,0.37589838078649557,0.3100475059873612,0.4413734205470421,diab
2002,0.37605696868603966,0.3081850617859876,0.4417840348419008,diab
2003,0.3744986560763605,0.3116806489248198,0.4419065281480591,diab
2004,0.3744271602437802,0.3047914613371683,0.44329343606221,diab
2005,0.3756048334723655,0.3087092730683678,0.44095540788323884,diab
2006,0.3763723891101838,0.3122005854427685,0.4410309632176491,diab
2007,0.3775884014759049,0.3134222459425427,0.43623630012680964,diab
2008,0.3779555332731184,0.3144539247419132,0.4400106580935235,diab
2009,0.37957192167352893,0.31269579992367313,0.4455919761070027,diab
2010,0.38113628343450473,0.3126286917235367,0.4449560115885409,diab
2011,0.38205002022428536,0.31608842590187863,0.44663246068295065,diab
2012,0.38428828642779694,0.31989276783937487,0.44704853216912055,diab
2013,0.3863263186479535,0.32164950199627546,0.44905083279035674,diab
2014,0.3889257243589108,0.32270256118444673,0.45208392766008565,diab
2015,0.39204716034467063,0.32473285315395595,0.4562821496071056,diab
2016,0.3950020520624509,0.33311358070313674,0.455989910229697,diab
2017,0.3972918367552002,0.3347634263293642,0.4575092205209042,diab
2018,0.40124838350542097,0.3378472812766309,0.4631021829238186,diab
2019,0.40506687345842995,0.34244833361013516,0.4662249524794442,diab
2020,0.4073871842121735,0.34278979123905035,0.4684808587980772,diab
2021,0.41122646329578066,0.3479196259802397,0.4702933630669244,diab
2022,0.41393727011147996,0.35013197930476314,0.4754621049065373,diab
2023,0.41840400752393053,0.3584303261582444,0.47728378556256335,diab
2024,0.42332530392286927,0.36325350847419097,0.48186731891932677,diab
2025,0.4273150505661602,0.3651420280298168,0.4871295294617906,diab
2026,0.4322874541962771,0.3683206033790549,0.49139709616608046,diab
2027,0.4362807619268967,0.37499429102265247,0.49631807021866353,diab
2028,0.43898969782024794,0.3778383416795778,0.49598106946377707,diab
2029,0.44071853891306145,0.3794942874973402,0.4985241529337332,diab
2030,0.44340351513785076,0.38162995009379397,0.5027832776039192,diab
2031,0.4453726069294829,0.38548183187503565,0.5028608645825005,diab
2032,0.4478008916442743,0.38684376636310147,0.5056491444055263,diab
2033,0.4500726333686619,0.3892552743633658,0.5090196550800229,diab
2034,0.4521303938293811,0.39184205537532907,0.5088816908711064,diab
2035,0.4529496428794097,0.3935662787367398,0.5093516572321535,diab
2036,0.4537044248400026,0.39325449961594544,0.514513657140233,diab
2037,0.4543714876178368,0.39257544422069457,0.5124073804631353,diab
2038,0.4554937888808134,0.3942039427765026,0.5154079637055436,diab
2039,0.45667563454431664,0.39594988713014495,0.5124998945844933,diab
2040,0.4568534739247558,0.39685641167885005,0.5149115043713373,diab
2041,0.45733808102655926,0.3973853637092579,0.514207506168703,diab
2042,0.45748776607779407,0.39635604493422066,0.5156856623129026,diab
2043,0.457753357255526,0.3971377530471591,0.5165360855271001,diab
2044,0.4579030606951825,0.39820686872895766,0.5162066600544851,diab
2045,0.4583659854145668,0.3980296788262323,0.5150090317055895,diab
2046,0.45863507821481597,0.398899010175488,0.5165720161107344,diab
2047,0.4590924886928038,0.4012639599432567,0.5155570558139789,diab
2048,0.45976985153550326,0.400675626063687,0.5153425216643794,diab
2049,0.46032779303521265,0.4010981434599156,0.5161654396470658,diab
2050,0.46193120432533846,0.4017994737064277,0.5183358624948041,diab
