parti,gen_thresh,diab_thresh,hyper_thresh,TP,FN,FP,TN,Total_Screened,NNS,sensitivity,specificity,Dist_to_Perfect
0.6,35,35,35,1149940,909617,838902,776216,3960010,3.4436666260848394,0.5583433718998795,0.48059398756004207,0.6817940912794316
0.6,40,35,35,1149675,909882,838660,776458,3762473,3.2726405288451086,0.5582147034532183,0.4807438218136384,0.6817633217104264
0.6,40,40,35,1149671,909886,838660,776458,3758127,3.268871703295986,0.5582127612879857,0.4807438218136384,0.6817645802426912
0.6,40,40,40,1149606,909951,838596,776522,3709428,3.2266950590028234,0.5581812011029557,0.48078344740136636,0.6817548529722665
0.6,45,35,35,1148727,910830,837821,777297,3583178,3.119259841546338,0.5577544102930873,0.48126328850275957,0.6816662948028062
0.6,45,40,35,1148723,910834,837821,777297,3578832,3.1154873716291918,0.5577524681278547,0.48126328850275957,0.6816675548256462
0.6,45,40,40,1148658,910899,837757,777361,3530133,3.073267238812597,0.5577209079428246,0.48130291409048753,0.6816578776790742
0.6,45,45,35,1148691,910866,837791,777327,3571443,3.1091416229429845,0.5577369308059937,0.48128186299700704,0.6816635005842385
0.6,45,45,40,1148626,910931,837727,777391,3522744,3.0669199547981676,0.5577053706209636,0.481321488584735,0.6816538251792432
0.6,45,45,45,1148221,911336,837363,777755,3448127,3.003016840834648,0.5575087263911608,0.4815468591149377,0.6816099959020253
0.6,50,35,35,1147016,912541,835970,779148,3424646,2.9857002866568556,0.5569236491148339,0.482409334797829,0.6813345356123823
0.6,50,40,35,1147012,912545,835970,779148,3420300,2.981921723573947,0.5569217069496013,0.482409334797829,0.6813357986168648
0.6,50,40,40,1146947,912610,835906,779212,3371601,2.9396310378770774,0.5568901467645713,0.48244896038555696,0.6813262218939721
0.6,50,45,35,1146980,912577,835940,779178,3412911,2.9755627822629864,0.5569061696277403,0.4824279092920765,0.6813317925898745
0.6,50,45,40,1146915,912642,835876,779242,3364212,2.9332705562312813,0.5568746094427103,0.4824675348798044,0.6813222176106816
0.6,50,45,45,1146510,913047,835512,779606,3289595,2.8692248650251635,0.5566779652129075,0.4826929054100072,0.6812789859087889
0.6,50,50,35,1146871,912686,835835,779283,3402802,2.9670311656672808,0.5568532456251515,0.48249292002194266,0.6813168306598464
0.6,50,50,40,1146806,912751,835771,779347,3354103,2.92473443633884,0.5568216854401213,0.4825325456096706,0.6813072617030751
0.6,50,50,45,1146401,913156,835407,779711,3279486,2.860679640021249,0.5566250412103185,0.48275791613987334,0.6812640658347672
0.6,50,50,50,1145142,914415,834003,781115,3170154,2.7683501260105734,0.5560137447033513,0.4836272024706554,0.6810026878952993
0.6,55,35,35,1144599,914958,833046,782072,3286179,2.871030815158846,0.555750095773023,0.48421972883715,0.6807255434655742
0.6,55,40,35,1144595,914962,833046,782072,3281833,2.867243872286704,0.5557481536077904,0.48421972883715,0.6807268109482031
0.6,55,40,40,1144530,915027,832982,782136,3233134,2.8248573650319346,0.5557165934227604,0.48425935442487794,0.6807173854531119
0.6,55,45,35,1144563,914994,833016,782102,3274444,2.8608682964589978,0.5557326162859294,0.48423830333139745,0.6807228775225795
0.6,55,45,40,1144498,915059,832952,782166,3225745,2.818480241992559,0.5557010561008994,0.4842779289191254,0.6807134537746428
0.6,55,45,45,1144093,915464,832588,782530,3151128,2.7542586135917273,0.5555044118710966,0.4845032994493282,0.6806711218677408
0.6,55,50,35,1144454,915103,832911,782207,3264335,2.852307738013061,0.5556796922833406,0.48430331406126365,0.6807081663515009
0.6,55,50,40,1144389,915168,832847,782271,3215636,2.8099151599674586,0.5556481320983104,0.4843429396489916,0.6806987486381653
0.6,55,50,45,1143984,915573,832483,782635,3141019,2.7456843802011215,0.5554514878685076,0.48456831017919433,0.6806564526322033
0.6,55,50,50,1142725,916832,831079,784039,3031687,2.653032881926973,0.5548401913615404,0.48543759650997637,0.6803982086340761
0.6,55,55,35,1144218,915339,832689,782429,3252919,2.842918919296847,0.5555651045346159,0.48444076531869495,0.680678852890627
0.6,55,55,40,1144153,915404,832625,782493,3204220,2.800517063714381,0.5555335443495859,0.4844803909064229,0.6806694480865407
0.6,55,55,45,1143748,915809,832261,782857,3129603,2.7362697027666933,0.5553369001197831,0.4847057614366257,0.6806272288791357
0.6,55,55,50,1142489,917068,830857,784261,3020271,2.6435886910070905,0.5547256036128158,0.48557504776740773,0.6803692523604195
0.6,55,55,55,1139169,920388,827067,788051,2855626,2.5067623855635115,0.5531136064697408,0.4879216255406726,0.6796555821233199
0.6,60,35,35,1138194,921363,823755,791363,3164262,2.7800726413950523,0.5526402036942896,0.4899722497055943,0.6784239776283407
0.6,60,40,35,1138190,921367,823755,791363,3159916,2.7762640683892847,0.5526382615290569,0.4899722497055943,0.6784252583137785
0.6,60,40,40,1138125,921432,823691,791427,3111217,2.733633827567271,0.5526067013440269,0.49001187529332224,0.6784162815146071
0.6,60,45,35,1138158,921399,823725,791393,3152527,2.7698500559676247,0.552622724207196,0.48999082419984175,0.6784215402654512
0.6,60,45,40,1138093,921464,823661,791457,3103828,2.727218250178149,0.5525911640221659,0.4900304497875697,0.6784125652248113
0.6,60,45,45,1137688,921869,823297,791821,3029211,2.662602576453298,0.5523945197923631,0.49025582031777243,0.6783729023419319
0.6,60,50,35,1138049,921508,823620,791498,3142418,2.761232600705242,0.5525698002046071,0.49005583492970795,0.678407573054858
0.6,60,50,40,1137984,921573,823556,791562,3093719,2.718596219279006,0.5525382400195771,0.49009546051743585,0.6783986040888523
0.6,60,50,45,1137579,921978,823192,791926,3019102,2.6539712846316608,0.5523415957897742,0.49032083104763863,0.6783589773298616
0.6,60,50,50,1136320,923237,821788,793330,2909770,2.56069593072374,0.5517302992828069,0.49119011737842067,0.678110036228979
0.6,60,55,35,1137813,921744,823398,791720,3131002,2.751772039869469,0.5524552124558825,0.49019328618713925,0.6783798510470203
0.6,60,55,40,1137748,921809,823334,791784,3082303,2.7091262740079527,0.5524236522708524,0.4902329117748672,0.6783708950744373
0.6,60,55,45,1137343,922214,822970,792148,3007686,2.6444845574290254,0.5522270080410496,0.49045828230507,0.6783313455822088
0.6,60,55,50,1136084,923473,821566,793552,2898354,2.5511793142056396,0.5516157115340823,0.491327568635852,0.6780826738481092
0.6,60,55,55,1132764,926793,817776,797342,2733709,2.4133085090981,0.5500037143910074,0.49367414640911683,0.677393923117433
0.6,60,60,35,1136812,922745,822314,792804,3117874,2.742646981207095,0.5519691856064193,0.4908644445792815,0.6781965971897371
0.6,60,60,40,1136747,922810,822250,792868,3069175,2.6999631404349427,0.5519376254213891,0.4909040701670095,0.6781877006298039
0.6,60,60,45,1136342,923215,821886,793232,2994558,2.6352612153735406,0.5517409811915863,0.4911294406972122,0.67814850443558
0.6,60,60,50,1135083,924474,820482,794636,2885226,2.541863458443127,0.5511296846846191,0.49199872702799424,0.6779010645459319
0.6,60,60,55,1131763,927794,816692,798426,2720581,2.403843384171421,0.5495176875415442,0.4943453048012591,0.6772156116145355
0.6,60,60,60,1116178,943379,797448,817670,2497592,2.2376287653044584,0.5419505262539468,0.5062602237112087,0.673489633987593
0.8,35,35,35,1170235,889322,844797,770321,3994990,3.4138356825765763,0.5681974327488872,0.4769440994404124,0.6782631732556714
0.8,40,35,35,1169961,889596,844570,770548,3797852,3.2461355549458486,0.5680643944304528,0.477084646446885,0.6782395110433413
0.8,40,40,35,1169957,889600,844569,770549,3793539,3.2424601929814516,0.5680624522652201,0.47708526559669323,0.6782402705525646
0.8,40,40,40,1169889,889668,844507,770611,3744599,3.2008156329361164,0.5680294354562656,0.4771236528848047,0.6782317030372164
0.8,45,35,35,1169031,890526,843807,771311,3619130,3.0958374927610985,0.5676128410138686,0.4775570577505792,0.6781631685386119
0.8,45,40,35,1169027,890530,843806,771312,3614817,3.0921586926563713,0.5676108988486359,0.4775576769003875,0.6781639298578217
0.8,45,40,40,1168959,890598,843744,771374,3565877,3.0504722577951835,0.5675778820396814,0.4775960641884989,0.6781554101034915
0.8,45,45,35,1168995,890562,843786,771332,3607433,3.085926800371259,0.5675953615267749,0.47757005989655243,0.678164296973567
0.8,45,45,40,1168927,890630,843724,771394,3558493,3.044238861793765,0.5675623447178204,0.4776084471846639,0.6781557786812461
0.8,45,45,45,1168498,891059,843371,771747,3484008,2.9816122920193275,0.5673540474966219,0.4778270070669759,0.6781203099496338
0.8,50,35,35,1167328,892229,842029,773089,3461961,2.96571400668878,0.5667859641660804,0.4786579061096465,0.6778436248173252
0.8,50,40,35,1167324,892233,842028,773090,3457648,2.96202939372445,0.5667840220008478,0.47865852525945474,0.6778443898701298
0.8,50,40,40,1167256,892301,841966,773152,3408708,2.9202745584516165,0.5667510051918933,0.4786969125475662,0.6778359687193317
0.8,50,45,35,1167292,892265,842008,773110,3450264,2.9557848421817337,0.5667684846789868,0.4786709082556197,0.677844796222824
0.8,50,45,40,1167224,892333,841946,773172,3401324,2.914028498385914,0.5667354678700323,0.47870929554373115,0.6778363765351584
0.8,50,45,45,1166795,892762,841593,773525,3326839,2.8512626468231352,0.5665271706488337,0.47892785542604316,0.6778015001728809
0.8,50,50,35,1167185,892372,841907,773211,3440162,2.9474007976456176,0.5667165317590142,0.47873344238625287,0.6778299107721814
0.8,50,50,40,1167117,892440,841845,773273,3391222,2.905640137192758,0.5666835149500596,0.4787718296743643,0.6778214969717654
0.8,50,50,45,1166688,892869,841492,773626,3316737,2.842865444746153,0.5664752177288611,0.47899038955667633,0.6777866559748299
0.8,50,50,50,1165475,894082,840166,774952,3208423,2.7528887363521313,0.565886256122069,0.4798113822024149,0.6775329812709311
0.8,55,35,35,1164968,894589,839284,775834,3325296,2.85440973485967,0.5656400866788344,0.4803574723332908,0.677271652190033
0.8,55,40,35,1164964,894593,839283,775835,3320983,2.850717275383617,0.5656381445136017,0.48035809148309905,0.6772724227286049
0.8,55,40,40,1164896,894661,839221,775897,3272043,2.8088713498887454,0.5656051277046472,0.4803964787712105,0.6772641466590809
0.8,55,45,35,1164932,894625,839263,775855,3313599,2.8444570155167854,0.5656226071917407,0.48037047447926406,0.6772728867862687
0.8,55,45,40,1164864,894693,839201,775917,3264659,2.80260957502335,0.5655895903827862,0.4804088617673755,0.6772646121817304
0.8,55,45,45,1164435,895122,838848,776270,3190174,2.7396754649250497,0.5653812931615877,0.4806274216496875,0.6772306073090208
0.8,55,50,35,1164825,894732,839162,775956,3303497,2.8360457579464726,0.5655706542717681,0.48043300860989724,0.6772582335948547
0.8,55,50,40,1164757,894800,839100,776018,3254557,2.794193982092402,0.5655376374628136,0.4804713958980087,0.677249964888561
0.8,55,50,45,1164328,895229,838747,776371,3180072,2.7312509876941893,0.5653293402416151,0.4806899557803207,0.6772159954418051
0.8,55,50,50,1163115,896442,837421,777697,3071758,2.6409753119854873,0.564740378634823,0.4815109484260593,0.6769651649774912
0.8,55,55,35,1164603,894954,838959,776159,3292056,2.8267624246202354,0.5654628641013577,0.48055869602097184,0.6772309729733486
0.8,55,55,40,1164535,895022,838897,776221,3243116,2.784902128317311,0.5654298472924032,0.4805970833090833,0.6772227163137216
0.8,55,55,45,1164106,895451,838544,776574,3168631,2.7219437061573433,0.5652215500712047,0.4808156431913953,0.6771888192204968
0.8,55,55,50,1162893,896664,837218,777900,3060317,2.6316410882170587,0.5646325884644124,0.4816366358371339,0.6769382249019786
0.8,55,55,55,1159735,899822,833670,781448,2897688,2.4985776923176415,0.5630992490132587,0.48383337935680243,0.6762471785368107
0.8,60,35,35,1160384,899173,833338,781780,3203885,2.7610558229000057,0.5634143653222513,0.48403893709314116,0.6758867026676499
0.8,60,40,35,1160380,899177,833337,781781,3199572,2.7573484548165257,0.5634124231570187,0.4840395562429494,0.6758874845531605
0.8,60,40,40,1160312,899245,833275,781843,3150632,2.7153317383600273,0.5633794063480642,0.4840779435310609,0.6758795093447559
0.8,60,45,35,1160348,899209,833317,781801,3192188,2.751060888629963,0.5633968858351578,0.48405193923911444,0.6758880681750171
0.8,60,45,40,1160280,899277,833255,781863,3143248,2.7090426448788225,0.5633638690262032,0.4840903265272259,0.6758800944358039
0.8,60,45,45,1159851,899706,832902,782216,3068763,2.6458251965123107,0.5631555718050046,0.4843088864095379,0.6758478964095274
0.8,60,50,35,1160241,899316,833216,781902,3182086,2.7426077857962268,0.5633449329151852,0.4841144733697476,0.6758738966681707
0.8,60,50,40,1160173,899384,833154,781964,3133146,2.700585171349445,0.5633119161062307,0.48415286065785906,0.6758659288514859
0.8,60,50,45,1159744,899813,832801,782317,3058661,2.637358761933668,0.563103618885032,0.48437142054017107,0.6758337663857263
0.8,60,50,50,1158531,901026,831475,783643,2950347,2.546627582688767,0.5625146572782399,0.4851924131859096,0.6755888368954324
0.8,60,55,35,1160019,899538,833013,782105,3170645,2.7332698860966933,0.5632371427447748,0.4842401607808222,0.6758476198294556
0.8,60,55,40,1159951,899606,832951,782167,3121705,2.6912386816339655,0.5632041259358201,0.48427854806893367,0.6758396641078251
0.8,60,55,45,1159522,900035,832598,782520,3047220,2.6279967089887037,0.5629958287146216,0.4844971079512457,0.6758075742631551
0.8,60,55,50,1158309,901248,831272,783846,2938906,2.537238336229797,0.5624068671078295,0.48531810059698427,0.6755628819935868
0.8,60,55,55,1155151,904406,827724,787394,2776277,2.4033888210285927,0.5608735276566756,0.4875148441166528,0.6748874674443667
0.8,60,60,35,1159274,900283,832290,782828,3157559,2.7237383051806563,0.5628754144701992,0.4846878060921865,0.6757400095189601
0.8,60,60,40,1159206,900351,832228,782890,3108619,2.6816795289189326,0.5628423976612447,0.48472619338029793,0.6757320956347473
0.8,60,60,45,1158777,900780,831875,783243,3034134,2.618393357824672,0.5626341004400461,0.48494475326260994,0.6757002569850048
0.8,60,60,50,1157564,901993,830549,784569,2925820,2.527566510361414,0.5620451388332539,0.4857657459083485,0.6754563853431109
0.8,60,60,55,1154406,905151,827001,788117,2763191,2.393604156596553,0.5605117993821002,0.487962489428017,0.674783143472859
0.8,60,60,60,1143226,916331,814207,800911,2540536,2.2222517682418,0.5550834475569261,0.49588389207475864,0.6723717639130337
1.0,35,35,35,1182250,877307,848291,766827,4015873,3.3968052442376826,0.5740312115663708,0.4747807900103893,0.6762430238174179
1.0,40,35,35,1181995,877562,848080,767038,3818403,3.2304730561465997,0.5739073985327913,0.47491143061992996,0.6762195728598087
1.0,40,40,35,1181992,877565,848078,767040,3814147,3.226880554183108,0.5739059419088668,0.4749126689195464,0.6762195291484592
1.0,40,40,40,1181924,877633,848021,767097,3765133,3.18559653581787,0.5738729250999123,0.47494796045861665,0.6762129311019358
1.0,45,35,35,1181061,878496,847363,767755,3640083,3.08204487321146,0.5734539029509744,0.4753553610324447,0.6761609054841556
1.0,45,40,35,1181058,878499,847361,767757,3635827,3.0784491532168614,0.57345244632705,0.4753565993320612,0.6761608635589593
1.0,45,40,40,1180990,878567,847304,767814,3586813,3.037123938390672,0.5734194295180954,0.4753918908711314,0.6761543102550143
1.0,45,45,35,1181028,878529,847348,767770,3628450,3.0722810974845642,0.5734378800878053,0.4753646482795684,0.6761638073860554
1.0,45,45,40,1180960,878597,847291,767827,3579436,3.030954477713047,0.5734048632788508,0.47539993981863865,0.6761572552420214
1.0,45,45,45,1180521,879036,846961,768157,3504930,2.968968785815754,0.5731917106445706,0.47560425925536093,0.6761332773748284
1.0,50,35,35,1179370,880187,845633,769485,3484192,2.9542823710964328,0.5726328525988841,0.476426490200716,0.6758490207445063
1.0,50,40,35,1179367,880190,845631,769487,3479936,2.9506811704923064,0.5726313959749597,0.4764277285003325,0.6758489825320693
1.0,50,40,40,1179299,880258,845574,769544,3430922,2.9092893320523463,0.5725983791660051,0.4764630200394027,0.6758425222474455
1.0,50,45,35,1179337,880220,845618,769500,3472559,2.9445010204886306,0.572616829735715,0.4764357774478397,0.6758519581696859
1.0,50,45,40,1179269,880288,845561,769557,3423545,2.9031077726964756,0.5725838129267604,0.47647106898690994,0.675845499045407
1.0,50,45,45,1178830,880727,845231,769887,3349039,2.840985553472511,0.5723706602924804,0.4766753884236322,0.6758220929062955
1.0,50,50,35,1179230,880327,845520,769598,3462486,2.936226181491312,0.5725648768157424,0.4764964541290482,0.6758378112173077
1.0,50,50,40,1179162,880395,845463,769655,3413472,2.894828700382136,0.5725318600067879,0.47653174566811835,0.6758313576644132
1.0,50,50,45,1178723,880834,845133,769985,3338966,2.8326977585064514,0.5723187073725078,0.4767360651048406,0.6758079857662886
1.0,50,50,50,1177519,882038,843871,771247,3231376,2.7442240847069135,0.571734115637489,0.47751743216285125,0.6755736091666876
1.0,55,35,35,1177016,882541,842920,772198,3348382,2.844805848008863,0.571489888359487,0.47810624363049636,0.6752732844675818
1.0,55,40,35,1177013,882544,842918,772200,3344126,2.841197166046594,0.5714884317355625,0.4781074819301128,0.6752732517683306
1.0,55,40,40,1176945,882612,842861,772257,3295112,2.7997162144365286,0.571455414926608,0.47814277346918305,0.6752669296494255
1.0,55,45,35,1176983,882574,842905,772213,3336749,2.8350018649377264,0.5714738654963178,0.4781155308776201,0.675276274619371
1.0,55,45,40,1176915,882642,842848,772270,3287735,2.7935194980096267,0.5714408486873633,0.4781508224166903,0.675269953661633
1.0,55,45,45,1176476,883081,842518,772600,3213229,2.731232086332403,0.5712276960530832,0.47835514185341255,0.6752473966352781
1.0,55,50,35,1176876,882681,842807,772311,3326676,2.826700519001152,0.5714219125763453,0.4781762075588285,0.675262354479653
1.0,55,50,40,1176808,882749,842750,772368,3277662,2.7852139006532926,0.5713888957673907,0.47821149909789873,0.6752560391030641
1.0,55,50,45,1176369,883188,842420,772698,3203156,2.7229177239454625,0.5711757431331107,0.478415818534621,0.6752335163721875
1.0,55,50,50,1175165,884392,841158,773960,3095566,2.6341543527930122,0.5705911513980919,0.47919718559263164,0.6750018746286949
1.0,55,55,35,1176658,882899,842604,772514,3315215,2.8174839248107775,0.5713160645711675,0.4783018949699031,0.6752324261221061
1.0,55,55,40,1176590,882967,842547,772571,3266201,2.7759890871076585,0.571283047762213,0.47833718650897333,0.6752261222105012
1.0,55,55,45,1176151,883406,842217,772901,3191695,2.713677920607133,0.5710698951279328,0.4785415059456956,0.6752036699300038
1.0,55,55,50,1174947,884610,840955,774163,3084105,2.6248886119969668,0.5704853033929141,0.47932287300370624,0.6749722551176394
1.0,55,55,55,1171839,887718,837472,777646,2922598,2.4940269098400036,0.568976241007168,0.48147937178583855,0.674273774293439
1.0,60,35,35,1173475,886082,838977,776141,3227283,2.7501932295106415,0.5697705865873098,0.48054755132442334,0.6744836503581686
1.0,60,40,35,1173472,886085,838975,776143,3223027,2.7465734163235256,0.5697691299633854,0.48054878962403985,0.6744836258157142
1.0,60,40,40,1173404,886153,838918,776200,3174013,2.7049618034368383,0.5697361131544307,0.4805840811631101,0.6744775081977363
1.0,60,45,35,1173442,886115,838962,776156,3215650,2.740357001027746,0.5697545637241407,0.4805568385715471,0.6744867184689335
1.0,60,45,40,1173374,886183,838905,776213,3166636,2.698743963987612,0.5697215469151862,0.4805921301106173,0.6744806020131981
1.0,60,45,45,1172935,886622,838575,776543,3092130,2.636233039341481,0.569508394280906,0.4807964495473396,0.6744593015128876
1.0,60,50,35,1173335,886222,838864,776254,3205577,2.7320219715596994,0.5697026108041681,0.48061751525275553,0.6744731340913224
1.0,60,50,40,1173267,886290,838807,776311,3156563,2.690404656399609,0.5696695939952136,0.48065280679182576,0.6744670232305305
1.0,60,50,45,1172828,886729,838477,776641,3082057,2.6278849072498267,0.5694564413609334,0.480857126228548,0.674445757102284
1.0,60,50,50,1171624,887933,837215,777903,2974467,2.5387556076010735,0.5688718496259147,0.4816384932865586,0.674218164756193
1.0,60,55,35,1173117,886440,838661,776457,3194116,2.7227599634137087,0.5695967627989903,0.48074320266383014,0.6744438954968195
1.0,60,55,40,1173049,886508,838604,776514,3145102,2.6811343771658303,0.5695637459900357,0.48077849420290036,0.6744377961297381
1.0,60,55,45,1172610,886947,838274,776844,3070596,2.618599534372042,0.5693505933557557,0.48098281363962264,0.6744166006115823
1.0,60,55,50,1171406,888151,837012,778106,2963006,2.529444103922978,0.5687660016207369,0.4817641806976332,0.6741892358723638
1.0,60,55,55,1168298,891259,833529,781589,2801499,2.39793186327461,0.5672569392349909,0.4839206794797656,0.6735016122541172
1.0,60,60,35,1172564,886993,838173,776945,3181086,2.712931660873095,0.5693282584555805,0.4810453477702558,0.6743827400191955
1.0,60,60,40,1172496,887061,838116,777002,3132072,2.6712858721906088,0.5692952416466259,0.481080639309326,0.674376669056586
1.0,60,60,45,1172057,887500,837786,777332,3057566,2.6087178353953777,0.5690820890123458,0.48128495874604826,0.6743556480322922
1.0,60,60,50,1170853,888704,836524,778594,2949976,2.5195101349187303,0.5684974972773271,0.4820663258040589,0.6741288457869441
1.0,60,60,55,1167745,891812,833041,782077,2788469,2.3879091753764734,0.566988434891581,0.4842228245861912,0.6734427297072033
1.0,60,60,60,1159431,900126,824610,790508,2566295,2.2134089911344446,0.5629516444555795,0.4894428766195411,0.6720713067216985
