gen_thresh,diab_thresh,hyper_thresh,TP,FN,FP,TN,Total_Screened,NNS,sensitivity,specificity
60,60,60,4175913,1506627,2184247,6888010,6448477,1.5442076978136279,0.734867330454339,0.7592388531321368
60,60,55,4435873,1246667,2479138,6593119,6994987,1.5769132705106752,0.7806144787366213,0.7267341522622209
60,60,50,4607733,1074807,2718638,6353619,7397571,1.6054686762449126,0.8108579966001119,0.7003349883055562
60,60,45,4712327,970213,2890713,6181544,7666407,1.6268834908952625,0.8292642022757429,0.6813678228030797
60,60,40,4773691,908849,3019974,6052283,7852679,1.6449910561869212,0.8400628944098941,0.667119879871128
60,60,35,4806343,876197,3111916,5960341,7975215,1.6593104154239513,0.845808916435256,0.6569854667917807
60,55,55,4457125,1225415,2492670,6579587,7027282,1.5766400987183442,0.7843543556226616,0.7252425719421308
60,55,50,4628985,1053555,2732170,6340087,7429866,1.6050745465798657,0.8145978734861523,0.6988434079854661
60,55,45,4733579,948961,2904245,6168012,7698702,1.6264019254775297,0.8330040791617833,0.6798762424829896
60,55,40,4794943,887597,3033506,6038751,7884974,1.6444353978764712,0.8438027712959346,0.6656282995510379
60,55,35,4827595,854945,3125448,5946809,8007510,1.6586954788046635,0.8495487933212965,0.6554938864716906
60,50,50,4646283,1036257,2746048,6326209,7458499,1.605261453079806,0.817641934768607,0.6973136894159855
60,50,45,4750877,931663,2918123,6154134,7727335,1.6265070638536843,0.8360481404442379,0.678346523913509
60,50,40,4812241,870299,3047384,6024873,7913607,1.644474372750658,0.8468468325783892,0.6640985809815573
60,50,35,4844893,837647,3139326,5932931,8036143,1.6586832774222258,0.8525928546037511,0.65396416790221
60,45,45,4764761,917779,2931828,6140429,7752511,1.6270513883067796,0.838491414050759,0.6768358744687237
60,45,40,4826125,856415,3061089,6011168,7938783,1.644960087026341,0.8492901061849103,0.662587931536772
60,45,35,4858777,823763,3153031,5919226,8061319,1.65912512552027,0.8550361282102722,0.6524535184574246
60,40,40,4835305,847235,3072325,5999932,7957226,1.6456513084490016,0.8509055809549955,0.661349430466972
60,40,35,4867957,814583,3164267,5907990,8079762,1.659784998100846,0.8566516029803574,0.6512150173876247
60,35,35,4872553,809987,3171513,5900744,8090402,1.6604030782220327,0.8574603962312628,0.650416318673512
55,55,55,4566942,1115598,2683071,6389186,7326300,1.6042025495397139,0.8036796925318608,0.7042554019358138
55,55,50,4738802,943738,2922571,6149686,7728884,1.6309784624890427,0.8339232103953513,0.677856237979149
55,55,45,4843396,839144,3094646,5977611,7997720,1.6512628742312212,0.8523294160709823,0.6588890724766726
55,55,40,4904760,777780,3223907,5848350,8183992,1.668581541196715,0.8631281082051336,0.6446411295447207
55,55,35,4937412,745128,3315849,5756408,8306528,1.6823647692353807,0.8688741302304955,0.6345067164653735
55,50,50,4756100,926440,2936449,6135808,7757517,1.6310668404785433,0.836967271677806,0.6763265194096684
55,50,45,4860694,821846,3108524,5963733,8026353,1.6512771633021952,0.855373477353437,0.657359353907192
55,50,40,4922058,760482,3237785,5834472,8212625,1.6685347876843386,0.8661721694875884,0.6431114109752403
55,50,35,4954710,727830,3329727,5742530,8335161,1.6822702035033332,0.8719181915129502,0.6329769978958929
55,45,45,4874578,807962,3122229,5950028,8051529,1.6517386735836415,0.857816750959958,0.6558487044624066
55,45,40,4935942,746598,3251490,5820767,8237801,1.6689420175520702,0.8686154430941093,0.6416007615304549
55,45,35,4968594,713946,3343432,5728825,8360337,1.682636375602434,0.8743614651194712,0.6314663484511076
55,40,40,4945122,737418,3262726,5809531,8256244,1.669573369473999,0.8702309178641945,0.6403622604606549
55,40,35,4977774,704766,3354668,5717589,8378780,1.6832383310290906,0.8759769398895564,0.6302278473813077
55,35,35,4982370,700170,3361914,5710343,8389420,1.683821153386842,0.8767857331404618,0.6294291486671949
50,50,50,4869604,812936,3163318,5908939,8096321,1.6626241066008653,0.8569414381596961,0.6513196220080626
50,50,45,4974198,708342,3335393,5736864,8365157,1.6817096947085741,0.8753476438353271,0.6323524565055862
50,50,40,5035562,646978,3464654,5607603,8551429,1.6982074691960898,0.8861463359694784,0.6181045135736344
50,50,35,5068214,614326,3556596,5515661,8673965,1.7114441102921067,0.8918923579948403,0.6079701004942871
50,45,45,4988082,694458,3349098,5723159,8390333,1.6820759963448877,0.8777909174418482,0.6308418070608008
50,45,40,5049446,633094,3478359,5593898,8576605,1.6985239568855672,0.8885896095759994,0.6165938641288491
50,45,35,5082098,600442,3570301,5501956,8699141,1.71172240283442,0.8943356316013613,0.6064594510495018
50,40,40,5058626,623914,3489595,5582662,8595048,1.6990874597173224,0.8902050843460847,0.6153553630590491
50,40,35,5091278,591262,3581537,5490720,8717584,1.712258493839857,0.8959511063714466,0.6052209499797019
50,35,35,5095874,586666,3588783,5483474,8728224,1.7128021611209383,0.896759899622352,0.6044222512655891
45,45,45,5110989,571551,3617480,5454777,8779989,1.7178649768175984,0.899419801708391,0.6012590913154245
45,45,40,5172353,510187,3746741,5325516,8966261,1.7334975010406288,0.9102184938425423,0.5870111483834728
45,45,35,5205005,477535,3838683,5233574,9088797,1.746164893213359,0.9159645158679042,0.5768767353041255
45,40,40,5181533,501007,3757977,5314280,8984704,1.7339856756677994,0.9118339686126274,0.5857726473136728
45,40,35,5214185,468355,3849919,5222338,9107240,1.746627708836568,0.9175799906379893,0.5756382342343256
45,35,35,5218781,463759,3857165,5215092,9117880,1.747128304483365,0.9183887838888948,0.5748395355202129
40,40,40,5305679,376861,4081677,4990580,9430506,1.777436215044295,0.9336808891798386,0.55009244116431
40,40,35,5338331,344209,4173619,4898638,9553042,1.7895184843352725,0.9394269112052005,0.5399580280849627
40,35,35,5342927,339613,4180865,4891392,9563682,1.789970553593564,0.9402357044561059,0.5391593293708501
35,35,35,5456092,226448,4563731,4508526,10057359,1.8433265054914763,0.9601502145167478,0.4969574825757251
