sim_year,agent_gender,agent_age,mortality_rate
1990,female,0,0.0062
1990,female,1,0.0002
1990,female,2,0.0002
1990,female,3,0.0002
1990,female,4,0.0002
1990,female,5,0.0001
1990,female,6,0.0001
1990,female,7,0.0001
1990,female,8,0.0001
1990,female,9,0.0001
1990,female,10,0.0002
1990,female,11,0.0002
1990,female,12,0.0002
1990,female,13,0.0002
1990,female,14,0.0002
1990,female,15,0.0002
1990,female,16,0.0002
1990,female,17,0.0002
1990,female,18,0.0002
1990,female,19,0.0002
1990,female,20,0.0004
1990,female,21,0.0004
1990,female,22,0.0004
1990,female,23,0.0004
1990,female,24,0.0004
1990,female,25,0.0004
1990,female,26,0.0004
1990,female,27,0.0004
1990,female,28,0.0004
1990,female,29,0.0004
1990,female,30,0.0006
1990,female,31,0.0006
1990,female,32,0.0006
1990,female,33,0.0006
1990,female,34,0.0006
1990,female,35,0.001
1990,female,36,0.001
1990,female,37,0.001
1990,female,38,0.001
1990,female,39,0.001
1990,female,40,0.0014
1990,female,41,0.0014
1990,female,42,0.0014
1990,female,43,0.0014
1990,female,44,0.0014
1990,female,45,0.0024
1990,female,46,0.0024
1990,female,47,0.0024
1990,female,48,0.0024
1990,female,49,0.0024
1990,female,50,0.004200000000000001
1990,female,51,0.004200000000000001
1990,female,52,0.004200000000000001
1990,female,53,0.004200000000000001
1990,female,54,0.004200000000000001
1990,female,55,0.0074
1990,female,56,0.0074
1990,female,57,0.0074
1990,female,58,0.0074
1990,female,59,0.0074
1990,female,60,0.0109
1990,female,61,0.0109
1990,female,62,0.0109
1990,female,63,0.0109
1990,female,64,0.0109
1990,female,65,0.018600000000000002
1990,female,66,0.018600000000000002
1990,female,67,0.018600000000000002
1990,female,68,0.018600000000000002
1990,female,69,0.018600000000000002
1990,female,70,0.0313
1990,female,71,0.0313
1990,female,72,0.0313
1990,female,73,0.0313
1990,female,74,0.0313
1990,female,75,0.047799999999999995
1990,female,76,0.047799999999999995
1990,female,77,0.047799999999999995
1990,female,78,0.047799999999999995
1990,female,79,0.047799999999999995
1990,female,80,0.07859999999999999
1990,female,81,0.07859999999999999
1990,female,82,0.07859999999999999
1990,female,83,0.07859999999999999
1990,female,84,0.07859999999999999
1990,female,85,0.12940000000000002
1991,female,0,0.0048
1991,female,1,0.0003
1991,female,2,0.0003
1991,female,3,0.0003
1991,female,4,0.0003
1991,female,5,0.0002
1991,female,6,0.0002
1991,female,7,0.0002
1991,female,8,0.0002
1991,female,9,0.0002
1991,female,10,0.0003
1991,female,11,0.0003
1991,female,12,0.0003
1991,female,13,0.0003
1991,female,14,0.0003
1991,female,15,0.0003
1991,female,16,0.0003
1991,female,17,0.0003
1991,female,18,0.0003
1991,female,19,0.0003
1991,female,20,0.0004
1991,female,21,0.0004
1991,female,22,0.0004
1991,female,23,0.0004
1991,female,24,0.0004
1991,female,25,0.0004
1991,female,26,0.0004
1991,female,27,0.0004
1991,female,28,0.0004
1991,female,29,0.0004
1991,female,30,0.0005
1991,female,31,0.0005
1991,female,32,0.0005
1991,female,33,0.0005
1991,female,34,0.0005
1991,female,35,0.0007
1991,female,36,0.0007
1991,female,37,0.0007
1991,female,38,0.0007
1991,female,39,0.0007
1991,female,40,0.0014
1991,female,41,0.0014
1991,female,42,0.0014
1991,female,43,0.0014
1991,female,44,0.0014
1991,female,45,0.0019
1991,female,46,0.0019
1991,female,47,0.0019
1991,female,48,0.0019
1991,female,49,0.0019
1991,female,50,0.0037
1991,female,51,0.0037
1991,female,52,0.0037
1991,female,53,0.0037
1991,female,54,0.0037
1991,female,55,0.0066
1991,female,56,0.0066
1991,female,57,0.0066
1991,female,58,0.0066
1991,female,59,0.0066
1991,female,60,0.011
1991,female,61,0.011
1991,female,62,0.011
1991,female,63,0.011
1991,female,64,0.011
1991,female,65,0.018
1991,female,66,0.018
1991,female,67,0.018
1991,female,68,0.018
1991,female,69,0.018
1991,female,70,0.0317
1991,female,71,0.0317
1991,female,72,0.0317
1991,female,73,0.0317
1991,female,74,0.0317
1991,female,75,0.0461
1991,female,76,0.0461
1991,female,77,0.0461
1991,female,78,0.0461
1991,female,79,0.0461
1991,female,80,0.071
1991,female,81,0.071
1991,female,82,0.071
1991,female,83,0.071
1991,female,84,0.071
1991,female,85,0.1252
1992,female,0,0.0044
1992,female,1,0.0003
1992,female,2,0.0003
1992,female,3,0.0003
1992,female,4,0.0003
1992,female,5,0.0001
1992,female,6,0.0001
1992,female,7,0.0001
1992,female,8,0.0001
1992,female,9,0.0001
1992,female,10,0.0002
1992,female,11,0.0002
1992,female,12,0.0002
1992,female,13,0.0002
1992,female,14,0.0002
1992,female,15,0.0003
1992,female,16,0.0003
1992,female,17,0.0003
1992,female,18,0.0003
1992,female,19,0.0003
1992,female,20,0.0003
1992,female,21,0.0003
1992,female,22,0.0003
1992,female,23,0.0003
1992,female,24,0.0003
1992,female,25,0.0004
1992,female,26,0.0004
1992,female,27,0.0004
1992,female,28,0.0004
1992,female,29,0.0004
1992,female,30,0.0006
1992,female,31,0.0006
1992,female,32,0.0006
1992,female,33,0.0006
1992,female,34,0.0006
1992,female,35,0.0007
1992,female,36,0.0007
1992,female,37,0.0007
1992,female,38,0.0007
1992,female,39,0.0007
1992,female,40,0.0013
1992,female,41,0.0013
1992,female,42,0.0013
1992,female,43,0.0013
1992,female,44,0.0013
1992,female,45,0.0022
1992,female,46,0.0022
1992,female,47,0.0022
1992,female,48,0.0022
1992,female,49,0.0022
1992,female,50,0.0039
1992,female,51,0.0039
1992,female,52,0.0039
1992,female,53,0.0039
1992,female,54,0.0039
1992,female,55,0.0064
1992,female,56,0.0064
1992,female,57,0.0064
1992,female,58,0.0064
1992,female,59,0.0064
1992,female,60,0.0106
1992,female,61,0.0106
1992,female,62,0.0106
1992,female,63,0.0106
1992,female,64,0.0106
1992,female,65,0.0178
1992,female,66,0.0178
1992,female,67,0.0178
1992,female,68,0.0178
1992,female,69,0.0178
1992,female,70,0.028
1992,female,71,0.028
1992,female,72,0.028
1992,female,73,0.028
1992,female,74,0.028
1992,female,75,0.048100000000000004
1992,female,76,0.048100000000000004
1992,female,77,0.048100000000000004
1992,female,78,0.048100000000000004
1992,female,79,0.048100000000000004
1992,female,80,0.0729
1992,female,81,0.0729
1992,female,82,0.0729
1992,female,83,0.0729
1992,female,84,0.0729
1992,female,85,0.127
1993,female,0,0.0043
1993,female,1,0.0003
1993,female,2,0.0003
1993,female,3,0.0003
1993,female,4,0.0003
1993,female,5,0.0002
1993,female,6,0.0002
1993,female,7,0.0002
1993,female,8,0.0002
1993,female,9,0.0002
1993,female,10,0.0002
1993,female,11,0.0002
1993,female,12,0.0002
1993,female,13,0.0002
1993,female,14,0.0002
1993,female,15,0.0002
1993,female,16,0.0002
1993,female,17,0.0002
1993,female,18,0.0002
1993,female,19,0.0002
1993,female,20,0.0003
1993,female,21,0.0003
1993,female,22,0.0003
1993,female,23,0.0003
1993,female,24,0.0003
1993,female,25,0.0003
1993,female,26,0.0003
1993,female,27,0.0003
1993,female,28,0.0003
1993,female,29,0.0003
1993,female,30,0.0005
1993,female,31,0.0005
1993,female,32,0.0005
1993,female,33,0.0005
1993,female,34,0.0005
1993,female,35,0.0008
1993,female,36,0.0008
1993,female,37,0.0008
1993,female,38,0.0008
1993,female,39,0.0008
1993,female,40,0.0013
1993,female,41,0.0013
1993,female,42,0.0013
1993,female,43,0.0013
1993,female,44,0.0013
1993,female,45,0.0019
1993,female,46,0.0019
1993,female,47,0.0019
1993,female,48,0.0019
1993,female,49,0.0019
1993,female,50,0.0039
1993,female,51,0.0039
1993,female,52,0.0039
1993,female,53,0.0039
1993,female,54,0.0039
1993,female,55,0.0067
1993,female,56,0.0067
1993,female,57,0.0067
1993,female,58,0.0067
1993,female,59,0.0067
1993,female,60,0.010199999999999999
1993,female,61,0.010199999999999999
1993,female,62,0.010199999999999999
1993,female,63,0.010199999999999999
1993,female,64,0.010199999999999999
1993,female,65,0.0175
1993,female,66,0.0175
1993,female,67,0.0175
1993,female,68,0.0175
1993,female,69,0.0175
1993,female,70,0.0297
1993,female,71,0.0297
1993,female,72,0.0297
1993,female,73,0.0297
1993,female,74,0.0297
1993,female,75,0.0506
1993,female,76,0.0506
1993,female,77,0.0506
1993,female,78,0.0506
1993,female,79,0.0506
1993,female,80,0.0692
1993,female,81,0.0692
1993,female,82,0.0692
1993,female,83,0.0692
1993,female,84,0.0692
1993,female,85,0.12940000000000002
1994,female,0,0.004
1994,female,1,0.0003
1994,female,2,0.0003
1994,female,3,0.0003
1994,female,4,0.0003
1994,female,5,0.0001
1994,female,6,0.0001
1994,female,7,0.0001
1994,female,8,0.0001
1994,female,9,0.0001
1994,female,10,0.0002
1994,female,11,0.0002
1994,female,12,0.0002
1994,female,13,0.0002
1994,female,14,0.0002
1994,female,15,0.0003
1994,female,16,0.0003
1994,female,17,0.0003
1994,female,18,0.0003
1994,female,19,0.0003
1994,female,20,0.0003
1994,female,21,0.0003
1994,female,22,0.0003
1994,female,23,0.0003
1994,female,24,0.0003
1994,female,25,0.0003
1994,female,26,0.0003
1994,female,27,0.0003
1994,female,28,0.0003
1994,female,29,0.0003
1994,female,30,0.0004
1994,female,31,0.0004
1994,female,32,0.0004
1994,female,33,0.0004
1994,female,34,0.0004
1994,female,35,0.0008
1994,female,36,0.0008
1994,female,37,0.0008
1994,female,38,0.0008
1994,female,39,0.0008
1994,female,40,0.0011
1994,female,41,0.0011
1994,female,42,0.0011
1994,female,43,0.0011
1994,female,44,0.0011
1994,female,45,0.0021000000000000003
1994,female,46,0.0021000000000000003
1994,female,47,0.0021000000000000003
1994,female,48,0.0021000000000000003
1994,female,49,0.0021000000000000003
1994,female,50,0.0037
1994,female,51,0.0037
1994,female,52,0.0037
1994,female,53,0.0037
1994,female,54,0.0037
1994,female,55,0.0066
1994,female,56,0.0066
1994,female,57,0.0066
1994,female,58,0.0066
1994,female,59,0.0066
1994,female,60,0.0106
1994,female,61,0.0106
1994,female,62,0.0106
1994,female,63,0.0106
1994,female,64,0.0106
1994,female,65,0.017
1994,female,66,0.017
1994,female,67,0.017
1994,female,68,0.017
1994,female,69,0.017
1994,female,70,0.0317
1994,female,71,0.0317
1994,female,72,0.0317
1994,female,73,0.0317
1994,female,74,0.0317
1994,female,75,0.0471
1994,female,76,0.0471
1994,female,77,0.0471
1994,female,78,0.0471
1994,female,79,0.0471
1994,female,80,0.071
1994,female,81,0.071
1994,female,82,0.071
1994,female,83,0.071
1994,female,84,0.071
1994,female,85,0.1181
1995,female,0,0.0032
1995,female,1,0.0002
1995,female,2,0.0002
1995,female,3,0.0002
1995,female,4,0.0002
1995,female,5,0.0002
1995,female,6,0.0002
1995,female,7,0.0002
1995,female,8,0.0002
1995,female,9,0.0002
1995,female,10,0.0002
1995,female,11,0.0002
1995,female,12,0.0002
1995,female,13,0.0002
1995,female,14,0.0002
1995,female,15,0.0002
1995,female,16,0.0002
1995,female,17,0.0002
1995,female,18,0.0002
1995,female,19,0.0002
1995,female,20,0.0003
1995,female,21,0.0003
1995,female,22,0.0003
1995,female,23,0.0003
1995,female,24,0.0003
1995,female,25,0.0003
1995,female,26,0.0003
1995,female,27,0.0003
1995,female,28,0.0003
1995,female,29,0.0003
1995,female,30,0.0005
1995,female,31,0.0005
1995,female,32,0.0005
1995,female,33,0.0005
1995,female,34,0.0005
1995,female,35,0.0008
1995,female,36,0.0008
1995,female,37,0.0008
1995,female,38,0.0008
1995,female,39,0.0008
1995,female,40,0.0012
1995,female,41,0.0012
1995,female,42,0.0012
1995,female,43,0.0012
1995,female,44,0.0012
1995,female,45,0.002
1995,female,46,0.002
1995,female,47,0.002
1995,female,48,0.002
1995,female,49,0.002
1995,female,50,0.0035
1995,female,51,0.0035
1995,female,52,0.0035
1995,female,53,0.0035
1995,female,54,0.0035
1995,female,55,0.0062
1995,female,56,0.0062
1995,female,57,0.0062
1995,female,58,0.0062
1995,female,59,0.0062
1995,female,60,0.009800000000000001
1995,female,61,0.009800000000000001
1995,female,62,0.009800000000000001
1995,female,63,0.009800000000000001
1995,female,64,0.009800000000000001
1995,female,65,0.0167
1995,female,66,0.0167
1995,female,67,0.0167
1995,female,68,0.0167
1995,female,69,0.0167
1995,female,70,0.0304
1995,female,71,0.0304
1995,female,72,0.0304
1995,female,73,0.0304
1995,female,74,0.0304
1995,female,75,0.047700000000000006
1995,female,76,0.047700000000000006
1995,female,77,0.047700000000000006
1995,female,78,0.047700000000000006
1995,female,79,0.047700000000000006
1995,female,80,0.068
1995,female,81,0.068
1995,female,82,0.068
1995,female,83,0.068
1995,female,84,0.068
1995,female,85,0.1338
1996,female,0,0.0035
1996,female,1,0.0002
1996,female,2,0.0002
1996,female,3,0.0002
1996,female,4,0.0002
1996,female,5,0.0001
1996,female,6,0.0001
1996,female,7,0.0001
1996,female,8,0.0001
1996,female,9,0.0001
1996,female,10,0.0002
1996,female,11,0.0002
1996,female,12,0.0002
1996,female,13,0.0002
1996,female,14,0.0002
1996,female,15,0.0003
1996,female,16,0.0003
1996,female,17,0.0003
1996,female,18,0.0003
1996,female,19,0.0003
1996,female,20,0.0003
1996,female,21,0.0003
1996,female,22,0.0003
1996,female,23,0.0003
1996,female,24,0.0003
1996,female,25,0.0004
1996,female,26,0.0004
1996,female,27,0.0004
1996,female,28,0.0004
1996,female,29,0.0004
1996,female,30,0.0005
1996,female,31,0.0005
1996,female,32,0.0005
1996,female,33,0.0005
1996,female,34,0.0005
1996,female,35,0.0007
1996,female,36,0.0007
1996,female,37,0.0007
1996,female,38,0.0007
1996,female,39,0.0007
1996,female,40,0.0011
1996,female,41,0.0011
1996,female,42,0.0011
1996,female,43,0.0011
1996,female,44,0.0011
1996,female,45,0.0018
1996,female,46,0.0018
1996,female,47,0.0018
1996,female,48,0.0018
1996,female,49,0.0018
1996,female,50,0.0034
1996,female,51,0.0034
1996,female,52,0.0034
1996,female,53,0.0034
1996,female,54,0.0034
1996,female,55,0.0055
1996,female,56,0.0055
1996,female,57,0.0055
1996,female,58,0.0055
1996,female,59,0.0055
1996,female,60,0.0094
1996,female,61,0.0094
1996,female,62,0.0094
1996,female,63,0.0094
1996,female,64,0.0094
1996,female,65,0.0165
1996,female,66,0.0165
1996,female,67,0.0165
1996,female,68,0.0165
1996,female,69,0.0165
1996,female,70,0.0289
1996,female,71,0.0289
1996,female,72,0.0289
1996,female,73,0.0289
1996,female,74,0.0289
1996,female,75,0.047799999999999995
1996,female,76,0.047799999999999995
1996,female,77,0.047799999999999995
1996,female,78,0.047799999999999995
1996,female,79,0.047799999999999995
1996,female,80,0.0719
1996,female,81,0.0719
1996,female,82,0.0719
1996,female,83,0.0719
1996,female,84,0.0719
1996,female,85,0.12830000000000003
1997,female,0,0.0031
1997,female,1,0.0001
1997,female,2,0.0001
1997,female,3,0.0001
1997,female,4,0.0001
1997,female,5,0.0001
1997,female,6,0.0001
1997,female,7,0.0001
1997,female,8,0.0001
1997,female,9,0.0001
1997,female,10,0.0001
1997,female,11,0.0001
1997,female,12,0.0001
1997,female,13,0.0001
1997,female,14,0.0001
1997,female,15,0.0002
1997,female,16,0.0002
1997,female,17,0.0002
1997,female,18,0.0002
1997,female,19,0.0002
1997,female,20,0.0003
1997,female,21,0.0003
1997,female,22,0.0003
1997,female,23,0.0003
1997,female,24,0.0003
1997,female,25,0.0003
1997,female,26,0.0003
1997,female,27,0.0003
1997,female,28,0.0003
1997,female,29,0.0003
1997,female,30,0.0005
1997,female,31,0.0005
1997,female,32,0.0005
1997,female,33,0.0005
1997,female,34,0.0005
1997,female,35,0.0007
1997,female,36,0.0007
1997,female,37,0.0007
1997,female,38,0.0007
1997,female,39,0.0007
1997,female,40,0.0011
1997,female,41,0.0011
1997,female,42,0.0011
1997,female,43,0.0011
1997,female,44,0.0011
1997,female,45,0.0018
1997,female,46,0.0018
1997,female,47,0.0018
1997,female,48,0.0018
1997,female,49,0.0018
1997,female,50,0.0032
1997,female,51,0.0032
1997,female,52,0.0032
1997,female,53,0.0032
1997,female,54,0.0032
1997,female,55,0.0053
1997,female,56,0.0053
1997,female,57,0.0053
1997,female,58,0.0053
1997,female,59,0.0053
1997,female,60,0.009300000000000001
1997,female,61,0.009300000000000001
1997,female,62,0.009300000000000001
1997,female,63,0.009300000000000001
1997,female,64,0.009300000000000001
1997,female,65,0.016300000000000002
1997,female,66,0.016300000000000002
1997,female,67,0.016300000000000002
1997,female,68,0.016300000000000002
1997,female,69,0.016300000000000002
1997,female,70,0.0263
1997,female,71,0.0263
1997,female,72,0.0263
1997,female,73,0.0263
1997,female,74,0.0263
1997,female,75,0.0458
1997,female,76,0.0458
1997,female,77,0.0458
1997,female,78,0.0458
1997,female,79,0.0458
1997,female,80,0.073
1997,female,81,0.073
1997,female,82,0.073
1997,female,83,0.073
1997,female,84,0.073
1997,female,85,0.12129999999999999
1998,female,0,0.0040999999999999995
1998,female,1,0.0003
1998,female,2,0.0003
1998,female,3,0.0003
1998,female,4,0.0003
1998,female,5,0.0001
1998,female,6,0.0001
1998,female,7,0.0001
1998,female,8,0.0001
1998,female,9,0.0001
1998,female,10,0.0002
1998,female,11,0.0002
1998,female,12,0.0002
1998,female,13,0.0002
1998,female,14,0.0002
1998,female,15,0.0003
1998,female,16,0.0003
1998,female,17,0.0003
1998,female,18,0.0003
1998,female,19,0.0003
1998,female,20,0.0002
1998,female,21,0.0002
1998,female,22,0.0002
1998,female,23,0.0002
1998,female,24,0.0002
1998,female,25,0.0004
1998,female,26,0.0004
1998,female,27,0.0004
1998,female,28,0.0004
1998,female,29,0.0004
1998,female,30,0.0004
1998,female,31,0.0004
1998,female,32,0.0004
1998,female,33,0.0004
1998,female,34,0.0004
1998,female,35,0.0006
1998,female,36,0.0006
1998,female,37,0.0006
1998,female,38,0.0006
1998,female,39,0.0006
1998,female,40,0.001
1998,female,41,0.001
1998,female,42,0.001
1998,female,43,0.001
1998,female,44,0.001
1998,female,45,0.0017
1998,female,46,0.0017
1998,female,47,0.0017
1998,female,48,0.0017
1998,female,49,0.0017
1998,female,50,0.0032
1998,female,51,0.0032
1998,female,52,0.0032
1998,female,53,0.0032
1998,female,54,0.0032
1998,female,55,0.0050999999999999995
1998,female,56,0.0050999999999999995
1998,female,57,0.0050999999999999995
1998,female,58,0.0050999999999999995
1998,female,59,0.0050999999999999995
1998,female,60,0.0096
1998,female,61,0.0096
1998,female,62,0.0096
1998,female,63,0.0096
1998,female,64,0.0096
1998,female,65,0.0159
1998,female,66,0.0159
1998,female,67,0.0159
1998,female,68,0.0159
1998,female,69,0.0159
1998,female,70,0.0248
1998,female,71,0.0248
1998,female,72,0.0248
1998,female,73,0.0248
1998,female,74,0.0248
1998,female,75,0.0444
1998,female,76,0.0444
1998,female,77,0.0444
1998,female,78,0.0444
1998,female,79,0.0444
1998,female,80,0.0711
1998,female,81,0.0711
1998,female,82,0.0711
1998,female,83,0.0711
1998,female,84,0.0711
1998,female,85,0.12830000000000003
1999,female,0,0.0034
1999,female,1,0.0002
1999,female,2,0.0002
1999,female,3,0.0002
1999,female,4,0.0002
1999,female,5,0.0001
1999,female,6,0.0001
1999,female,7,0.0001
1999,female,8,0.0001
1999,female,9,0.0001
1999,female,10,0.0002
1999,female,11,0.0002
1999,female,12,0.0002
1999,female,13,0.0002
1999,female,14,0.0002
1999,female,15,0.0003
1999,female,16,0.0003
1999,female,17,0.0003
1999,female,18,0.0003
1999,female,19,0.0003
1999,female,20,0.0003
1999,female,21,0.0003
1999,female,22,0.0003
1999,female,23,0.0003
1999,female,24,0.0003
1999,female,25,0.0003
1999,female,26,0.0003
1999,female,27,0.0003
1999,female,28,0.0003
1999,female,29,0.0003
1999,female,30,0.0004
1999,female,31,0.0004
1999,female,32,0.0004
1999,female,33,0.0004
1999,female,34,0.0004
1999,female,35,0.0006
1999,female,36,0.0006
1999,female,37,0.0006
1999,female,38,0.0006
1999,female,39,0.0006
1999,female,40,0.001
1999,female,41,0.001
1999,female,42,0.001
1999,female,43,0.001
1999,female,44,0.001
1999,female,45,0.0019
1999,female,46,0.0019
1999,female,47,0.0019
1999,female,48,0.0019
1999,female,49,0.0019
1999,female,50,0.0026
1999,female,51,0.0026
1999,female,52,0.0026
1999,female,53,0.0026
1999,female,54,0.0026
1999,female,55,0.0048
1999,female,56,0.0048
1999,female,57,0.0048
1999,female,58,0.0048
1999,female,59,0.0048
1999,female,60,0.008199999999999999
1999,female,61,0.008199999999999999
1999,female,62,0.008199999999999999
1999,female,63,0.008199999999999999
1999,female,64,0.008199999999999999
1999,female,65,0.015
1999,female,66,0.015
1999,female,67,0.015
1999,female,68,0.015
1999,female,69,0.015
1999,female,70,0.0232
1999,female,71,0.0232
1999,female,72,0.0232
1999,female,73,0.0232
1999,female,74,0.0232
1999,female,75,0.0441
1999,female,76,0.0441
1999,female,77,0.0441
1999,female,78,0.0441
1999,female,79,0.0441
1999,female,80,0.0687
1999,female,81,0.0687
1999,female,82,0.0687
1999,female,83,0.0687
1999,female,84,0.0687
1999,female,85,0.1338
2000,female,0,0.0022
2000,female,1,0.0003
2000,female,2,0.0003
2000,female,3,0.0003
2000,female,4,0.0003
2000,female,5,0.0002
2000,female,6,0.0002
2000,female,7,0.0002
2000,female,8,0.0002
2000,female,9,0.0002
2000,female,10,0.0002
2000,female,11,0.0002
2000,female,12,0.0002
2000,female,13,0.0002
2000,female,14,0.0002
2000,female,15,0.0002
2000,female,16,0.0002
2000,female,17,0.0002
2000,female,18,0.0002
2000,female,19,0.0002
2000,female,20,0.0002
2000,female,21,0.0002
2000,female,22,0.0002
2000,female,23,0.0002
2000,female,24,0.0002
2000,female,25,0.0003
2000,female,26,0.0003
2000,female,27,0.0003
2000,female,28,0.0003
2000,female,29,0.0003
2000,female,30,0.0005
2000,female,31,0.0005
2000,female,32,0.0005
2000,female,33,0.0005
2000,female,34,0.0005
2000,female,35,0.0007
2000,female,36,0.0007
2000,female,37,0.0007
2000,female,38,0.0007
2000,female,39,0.0007
2000,female,40,0.001
2000,female,41,0.001
2000,female,42,0.001
2000,female,43,0.001
2000,female,44,0.001
2000,female,45,0.0017
2000,female,46,0.0017
2000,female,47,0.0017
2000,female,48,0.0017
2000,female,49,0.0017
2000,female,50,0.0028
2000,female,51,0.0028
2000,female,52,0.0028
2000,female,53,0.0028
2000,female,54,0.0028
2000,female,55,0.0043
2000,female,56,0.0043
2000,female,57,0.0043
2000,female,58,0.0043
2000,female,59,0.0043
2000,female,60,0.0081
2000,female,61,0.0081
2000,female,62,0.0081
2000,female,63,0.0081
2000,female,64,0.0081
2000,female,65,0.015099999999999999
2000,female,66,0.015099999999999999
2000,female,67,0.015099999999999999
2000,female,68,0.015099999999999999
2000,female,69,0.015099999999999999
2000,female,70,0.022699999999999998
2000,female,71,0.022699999999999998
2000,female,72,0.022699999999999998
2000,female,73,0.022699999999999998
2000,female,74,0.022699999999999998
2000,female,75,0.0422
2000,female,76,0.0422
2000,female,77,0.0422
2000,female,78,0.0422
2000,female,79,0.0422
2000,female,80,0.0675
2000,female,81,0.0675
2000,female,82,0.0675
2000,female,83,0.0675
2000,female,84,0.0675
2000,female,85,0.1321
2001,female,0,0.0021000000000000003
2001,female,1,0.0002
2001,female,2,0.0002
2001,female,3,0.0002
2001,female,4,0.0002
2001,female,5,0.0001
2001,female,6,0.0001
2001,female,7,0.0001
2001,female,8,0.0001
2001,female,9,0.0001
2001,female,10,0.0001
2001,female,11,0.0001
2001,female,12,0.0001
2001,female,13,0.0001
2001,female,14,0.0001
2001,female,15,0.0003
2001,female,16,0.0003
2001,female,17,0.0003
2001,female,18,0.0003
2001,female,19,0.0003
2001,female,20,0.0002
2001,female,21,0.0002
2001,female,22,0.0002
2001,female,23,0.0002
2001,female,24,0.0002
2001,female,25,0.0002
2001,female,26,0.0002
2001,female,27,0.0002
2001,female,28,0.0002
2001,female,29,0.0002
2001,female,30,0.0005
2001,female,31,0.0005
2001,female,32,0.0005
2001,female,33,0.0005
2001,female,34,0.0005
2001,female,35,0.0006
2001,female,36,0.0006
2001,female,37,0.0006
2001,female,38,0.0006
2001,female,39,0.0006
2001,female,40,0.0009
2001,female,41,0.0009
2001,female,42,0.0009
2001,female,43,0.0009
2001,female,44,0.0009
2001,female,45,0.0015
2001,female,46,0.0015
2001,female,47,0.0015
2001,female,48,0.0015
2001,female,49,0.0015
2001,female,50,0.0026
2001,female,51,0.0026
2001,female,52,0.0026
2001,female,53,0.0026
2001,female,54,0.0026
2001,female,55,0.0046
2001,female,56,0.0046
2001,female,57,0.0046
2001,female,58,0.0046
2001,female,59,0.0046
2001,female,60,0.0072
2001,female,61,0.0072
2001,female,62,0.0072
2001,female,63,0.0072
2001,female,64,0.0072
2001,female,65,0.0129
2001,female,66,0.0129
2001,female,67,0.0129
2001,female,68,0.0129
2001,female,69,0.0129
2001,female,70,0.022699999999999998
2001,female,71,0.022699999999999998
2001,female,72,0.022699999999999998
2001,female,73,0.022699999999999998
2001,female,74,0.022699999999999998
2001,female,75,0.038
2001,female,76,0.038
2001,female,77,0.038
2001,female,78,0.038
2001,female,79,0.038
2001,female,80,0.064
2001,female,81,0.064
2001,female,82,0.064
2001,female,83,0.064
2001,female,84,0.064
2001,female,85,0.1253
2002,female,0,0.0023
2002,female,1,0.0001
2002,female,2,0.0001
2002,female,3,0.0001
2002,female,4,0.0001
2002,female,5,0.0001
2002,female,6,0.0001
2002,female,7,0.0001
2002,female,8,0.0001
2002,female,9,0.0001
2002,female,10,0.0001
2002,female,11,0.0001
2002,female,12,0.0001
2002,female,13,0.0001
2002,female,14,0.0001
2002,female,15,0.0003
2002,female,16,0.0003
2002,female,17,0.0003
2002,female,18,0.0003
2002,female,19,0.0003
2002,female,20,0.0003
2002,female,21,0.0003
2002,female,22,0.0003
2002,female,23,0.0003
2002,female,24,0.0003
2002,female,25,0.0003
2002,female,26,0.0003
2002,female,27,0.0003
2002,female,28,0.0003
2002,female,29,0.0003
2002,female,30,0.0004
2002,female,31,0.0004
2002,female,32,0.0004
2002,female,33,0.0004
2002,female,34,0.0004
2002,female,35,0.0007
2002,female,36,0.0007
2002,female,37,0.0007
2002,female,38,0.0007
2002,female,39,0.0007
2002,female,40,0.0008
2002,female,41,0.0008
2002,female,42,0.0008
2002,female,43,0.0008
2002,female,44,0.0008
2002,female,45,0.0015
2002,female,46,0.0015
2002,female,47,0.0015
2002,female,48,0.0015
2002,female,49,0.0015
2002,female,50,0.0028
2002,female,51,0.0028
2002,female,52,0.0028
2002,female,53,0.0028
2002,female,54,0.0028
2002,female,55,0.004200000000000001
2002,female,56,0.004200000000000001
2002,female,57,0.004200000000000001
2002,female,58,0.004200000000000001
2002,female,59,0.004200000000000001
2002,female,60,0.0076
2002,female,61,0.0076
2002,female,62,0.0076
2002,female,63,0.0076
2002,female,64,0.0076
2002,female,65,0.0129
2002,female,66,0.0129
2002,female,67,0.0129
2002,female,68,0.0129
2002,female,69,0.0129
2002,female,70,0.0228
2002,female,71,0.0228
2002,female,72,0.0228
2002,female,73,0.0228
2002,female,74,0.0228
2002,female,75,0.0375
2002,female,76,0.0375
2002,female,77,0.0375
2002,female,78,0.0375
2002,female,79,0.0375
2002,female,80,0.0639
2002,female,81,0.0639
2002,female,82,0.0639
2002,female,83,0.0639
2002,female,84,0.0639
2002,female,85,0.12179999999999999
2003,female,0,0.0022
2003,female,1,0.0002
2003,female,2,0.0002
2003,female,3,0.0002
2003,female,4,0.0002
2003,female,5,0.0001
2003,female,6,0.0001
2003,female,7,0.0001
2003,female,8,0.0001
2003,female,9,0.0001
2003,female,10,0.0001
2003,female,11,0.0001
2003,female,12,0.0001
2003,female,13,0.0001
2003,female,14,0.0001
2003,female,15,0.0002
2003,female,16,0.0002
2003,female,17,0.0002
2003,female,18,0.0002
2003,female,19,0.0002
2003,female,20,0.0004
2003,female,21,0.0004
2003,female,22,0.0004
2003,female,23,0.0004
2003,female,24,0.0004
2003,female,25,0.0003
2003,female,26,0.0003
2003,female,27,0.0003
2003,female,28,0.0003
2003,female,29,0.0003
2003,female,30,0.0003
2003,female,31,0.0003
2003,female,32,0.0003
2003,female,33,0.0003
2003,female,34,0.0003
2003,female,35,0.0006
2003,female,36,0.0006
2003,female,37,0.0006
2003,female,38,0.0006
2003,female,39,0.0006
2003,female,40,0.0008
2003,female,41,0.0008
2003,female,42,0.0008
2003,female,43,0.0008
2003,female,44,0.0008
2003,female,45,0.0015
2003,female,46,0.0015
2003,female,47,0.0015
2003,female,48,0.0015
2003,female,49,0.0015
2003,female,50,0.0027
2003,female,51,0.0027
2003,female,52,0.0027
2003,female,53,0.0027
2003,female,54,0.0027
2003,female,55,0.0039
2003,female,56,0.0039
2003,female,57,0.0039
2003,female,58,0.0039
2003,female,59,0.0039
2003,female,60,0.0070999999999999995
2003,female,61,0.0070999999999999995
2003,female,62,0.0070999999999999995
2003,female,63,0.0070999999999999995
2003,female,64,0.0070999999999999995
2003,female,65,0.0125
2003,female,66,0.0125
2003,female,67,0.0125
2003,female,68,0.0125
2003,female,69,0.0125
2003,female,70,0.0201
2003,female,71,0.0201
2003,female,72,0.0201
2003,female,73,0.0201
2003,female,74,0.0201
2003,female,75,0.041100000000000005
2003,female,76,0.041100000000000005
2003,female,77,0.041100000000000005
2003,female,78,0.041100000000000005
2003,female,79,0.041100000000000005
2003,female,80,0.06559999999999999
2003,female,81,0.06559999999999999
2003,female,82,0.06559999999999999
2003,female,83,0.06559999999999999
2003,female,84,0.06559999999999999
2003,female,85,0.1252
2004,female,0,0.0018
2004,female,1,0.0002
2004,female,2,0.0002
2004,female,3,0.0002
2004,female,4,0.0002
2004,female,5,0.0001
2004,female,6,0.0001
2004,female,7,0.0001
2004,female,8,0.0001
2004,female,9,0.0001
2004,female,10,0.0002
2004,female,11,0.0002
2004,female,12,0.0002
2004,female,13,0.0002
2004,female,14,0.0002
2004,female,15,0.0003
2004,female,16,0.0003
2004,female,17,0.0003
2004,female,18,0.0003
2004,female,19,0.0003
2004,female,20,0.0003
2004,female,21,0.0003
2004,female,22,0.0003
2004,female,23,0.0003
2004,female,24,0.0003
2004,female,25,0.0002
2004,female,26,0.0002
2004,female,27,0.0002
2004,female,28,0.0002
2004,female,29,0.0002
2004,female,30,0.0003
2004,female,31,0.0003
2004,female,32,0.0003
2004,female,33,0.0003
2004,female,34,0.0003
2004,female,35,0.0005
2004,female,36,0.0005
2004,female,37,0.0005
2004,female,38,0.0005
2004,female,39,0.0005
2004,female,40,0.001
2004,female,41,0.001
2004,female,42,0.001
2004,female,43,0.001
2004,female,44,0.001
2004,female,45,0.0015
2004,female,46,0.0015
2004,female,47,0.0015
2004,female,48,0.0015
2004,female,49,0.0015
2004,female,50,0.0025
2004,female,51,0.0025
2004,female,52,0.0025
2004,female,53,0.0025
2004,female,54,0.0025
2004,female,55,0.0045
2004,female,56,0.0045
2004,female,57,0.0045
2004,female,58,0.0045
2004,female,59,0.0045
2004,female,60,0.0067
2004,female,61,0.0067
2004,female,62,0.0067
2004,female,63,0.0067
2004,female,64,0.0067
2004,female,65,0.012
2004,female,66,0.012
2004,female,67,0.012
2004,female,68,0.012
2004,female,69,0.012
2004,female,70,0.019100000000000002
2004,female,71,0.019100000000000002
2004,female,72,0.019100000000000002
2004,female,73,0.019100000000000002
2004,female,74,0.019100000000000002
2004,female,75,0.033100000000000004
2004,female,76,0.033100000000000004
2004,female,77,0.033100000000000004
2004,female,78,0.033100000000000004
2004,female,79,0.033100000000000004
2004,female,80,0.0621
2004,female,81,0.0621
2004,female,82,0.0621
2004,female,83,0.0621
2004,female,84,0.0621
2004,female,85,0.1145
2005,female,0,0.0017
2005,female,1,0.0002
2005,female,2,0.0002
2005,female,3,0.0002
2005,female,4,0.0002
2005,female,5,0.0001
2005,female,6,0.0001
2005,female,7,0.0001
2005,female,8,0.0001
2005,female,9,0.0001
2005,female,10,0.0001
2005,female,11,0.0001
2005,female,12,0.0001
2005,female,13,0.0001
2005,female,14,0.0001
2005,female,15,0.0001
2005,female,16,0.0001
2005,female,17,0.0001
2005,female,18,0.0001
2005,female,19,0.0001
2005,female,20,0.0003
2005,female,21,0.0003
2005,female,22,0.0003
2005,female,23,0.0003
2005,female,24,0.0003
2005,female,25,0.0002
2005,female,26,0.0002
2005,female,27,0.0002
2005,female,28,0.0002
2005,female,29,0.0002
2005,female,30,0.0004
2005,female,31,0.0004
2005,female,32,0.0004
2005,female,33,0.0004
2005,female,34,0.0004
2005,female,35,0.0005
2005,female,36,0.0005
2005,female,37,0.0005
2005,female,38,0.0005
2005,female,39,0.0005
2005,female,40,0.0009
2005,female,41,0.0009
2005,female,42,0.0009
2005,female,43,0.0009
2005,female,44,0.0009
2005,female,45,0.0014
2005,female,46,0.0014
2005,female,47,0.0014
2005,female,48,0.0014
2005,female,49,0.0014
2005,female,50,0.0025
2005,female,51,0.0025
2005,female,52,0.0025
2005,female,53,0.0025
2005,female,54,0.0025
2005,female,55,0.0038
2005,female,56,0.0038
2005,female,57,0.0038
2005,female,58,0.0038
2005,female,59,0.0038
2005,female,60,0.007
2005,female,61,0.007
2005,female,62,0.007
2005,female,63,0.007
2005,female,64,0.007
2005,female,65,0.0108
2005,female,66,0.0108
2005,female,67,0.0108
2005,female,68,0.0108
2005,female,69,0.0108
2005,female,70,0.0189
2005,female,71,0.0189
2005,female,72,0.0189
2005,female,73,0.0189
2005,female,74,0.0189
2005,female,75,0.0334
2005,female,76,0.0334
2005,female,77,0.0334
2005,female,78,0.0334
2005,female,79,0.0334
2005,female,80,0.0596
2005,female,81,0.0596
2005,female,82,0.0596
2005,female,83,0.0596
2005,female,84,0.0596
2005,female,85,0.1188
2006,female,0,0.0024
2006,female,1,0.0001
2006,female,2,0.0001
2006,female,3,0.0001
2006,female,4,0.0001
2006,female,5,0.0001
2006,female,6,0.0001
2006,female,7,0.0001
2006,female,8,0.0001
2006,female,9,0.0001
2006,female,10,0.0001
2006,female,11,0.0001
2006,female,12,0.0001
2006,female,13,0.0001
2006,female,14,0.0001
2006,female,15,0.0002
2006,female,16,0.0002
2006,female,17,0.0002
2006,female,18,0.0002
2006,female,19,0.0002
2006,female,20,0.0002
2006,female,21,0.0002
2006,female,22,0.0002
2006,female,23,0.0002
2006,female,24,0.0002
2006,female,25,0.0003
2006,female,26,0.0003
2006,female,27,0.0003
2006,female,28,0.0003
2006,female,29,0.0003
2006,female,30,0.0004
2006,female,31,0.0004
2006,female,32,0.0004
2006,female,33,0.0004
2006,female,34,0.0004
2006,female,35,0.0005
2006,female,36,0.0005
2006,female,37,0.0005
2006,female,38,0.0005
2006,female,39,0.0005
2006,female,40,0.0009
2006,female,41,0.0009
2006,female,42,0.0009
2006,female,43,0.0009
2006,female,44,0.0009
2006,female,45,0.0014
2006,female,46,0.0014
2006,female,47,0.0014
2006,female,48,0.0014
2006,female,49,0.0014
2006,female,50,0.0024
2006,female,51,0.0024
2006,female,52,0.0024
2006,female,53,0.0024
2006,female,54,0.0024
2006,female,55,0.004
2006,female,56,0.004
2006,female,57,0.004
2006,female,58,0.004
2006,female,59,0.004
2006,female,60,0.0064
2006,female,61,0.0064
2006,female,62,0.0064
2006,female,63,0.0064
2006,female,64,0.0064
2006,female,65,0.010199999999999999
2006,female,66,0.010199999999999999
2006,female,67,0.010199999999999999
2006,female,68,0.010199999999999999
2006,female,69,0.010199999999999999
2006,female,70,0.0175
2006,female,71,0.0175
2006,female,72,0.0175
2006,female,73,0.0175
2006,female,74,0.0175
2006,female,75,0.0345
2006,female,76,0.0345
2006,female,77,0.0345
2006,female,78,0.0345
2006,female,79,0.0345
2006,female,80,0.055299999999999995
2006,female,81,0.055299999999999995
2006,female,82,0.055299999999999995
2006,female,83,0.055299999999999995
2006,female,84,0.055299999999999995
2006,female,85,0.1163
2007,female,0,0.0015
2007,female,1,0.0001
2007,female,2,0.0001
2007,female,3,0.0001
2007,female,4,0.0001
2007,female,5,0.0001
2007,female,6,0.0001
2007,female,7,0.0001
2007,female,8,0.0001
2007,female,9,0.0001
2007,female,10,0.0001
2007,female,11,0.0001
2007,female,12,0.0001
2007,female,13,0.0001
2007,female,14,0.0001
2007,female,15,0.0002
2007,female,16,0.0002
2007,female,17,0.0002
2007,female,18,0.0002
2007,female,19,0.0002
2007,female,20,0.0002
2007,female,21,0.0002
2007,female,22,0.0002
2007,female,23,0.0002
2007,female,24,0.0002
2007,female,25,0.0002
2007,female,26,0.0002
2007,female,27,0.0002
2007,female,28,0.0002
2007,female,29,0.0002
2007,female,30,0.0003
2007,female,31,0.0003
2007,female,32,0.0003
2007,female,33,0.0003
2007,female,34,0.0003
2007,female,35,0.0004
2007,female,36,0.0004
2007,female,37,0.0004
2007,female,38,0.0004
2007,female,39,0.0004
2007,female,40,0.0009
2007,female,41,0.0009
2007,female,42,0.0009
2007,female,43,0.0009
2007,female,44,0.0009
2007,female,45,0.0014
2007,female,46,0.0014
2007,female,47,0.0014
2007,female,48,0.0014
2007,female,49,0.0014
2007,female,50,0.0021000000000000003
2007,female,51,0.0021000000000000003
2007,female,52,0.0021000000000000003
2007,female,53,0.0021000000000000003
2007,female,54,0.0021000000000000003
2007,female,55,0.0037
2007,female,56,0.0037
2007,female,57,0.0037
2007,female,58,0.0037
2007,female,59,0.0037
2007,female,60,0.0058
2007,female,61,0.0058
2007,female,62,0.0058
2007,female,63,0.0058
2007,female,64,0.0058
2007,female,65,0.009699999999999999
2007,female,66,0.009699999999999999
2007,female,67,0.009699999999999999
2007,female,68,0.009699999999999999
2007,female,69,0.009699999999999999
2007,female,70,0.0205
2007,female,71,0.0205
2007,female,72,0.0205
2007,female,73,0.0205
2007,female,74,0.0205
2007,female,75,0.0327
2007,female,76,0.0327
2007,female,77,0.0327
2007,female,78,0.0327
2007,female,79,0.0327
2007,female,80,0.055600000000000004
2007,female,81,0.055600000000000004
2007,female,82,0.055600000000000004
2007,female,83,0.055600000000000004
2007,female,84,0.055600000000000004
2007,female,85,0.1154
2008,female,0,0.0017
2008,female,1,0.0002
2008,female,2,0.0002
2008,female,3,0.0002
2008,female,4,0.0002
2008,female,5,0.0001
2008,female,6,0.0001
2008,female,7,0.0001
2008,female,8,0.0001
2008,female,9,0.0001
2008,female,10,0.0001
2008,female,11,0.0001
2008,female,12,0.0001
2008,female,13,0.0001
2008,female,14,0.0001
2008,female,15,0.0001
2008,female,16,0.0001
2008,female,17,0.0001
2008,female,18,0.0001
2008,female,19,0.0001
2008,female,20,0.0003
2008,female,21,0.0003
2008,female,22,0.0003
2008,female,23,0.0003
2008,female,24,0.0003
2008,female,25,0.0003
2008,female,26,0.0003
2008,female,27,0.0003
2008,female,28,0.0003
2008,female,29,0.0003
2008,female,30,0.0003
2008,female,31,0.0003
2008,female,32,0.0003
2008,female,33,0.0003
2008,female,34,0.0003
2008,female,35,0.0005
2008,female,36,0.0005
2008,female,37,0.0005
2008,female,38,0.0005
2008,female,39,0.0005
2008,female,40,0.0009
2008,female,41,0.0009
2008,female,42,0.0009
2008,female,43,0.0009
2008,female,44,0.0009
2008,female,45,0.0012
2008,female,46,0.0012
2008,female,47,0.0012
2008,female,48,0.0012
2008,female,49,0.0012
2008,female,50,0.0023
2008,female,51,0.0023
2008,female,52,0.0023
2008,female,53,0.0023
2008,female,54,0.0023
2008,female,55,0.0036
2008,female,56,0.0036
2008,female,57,0.0036
2008,female,58,0.0036
2008,female,59,0.0036
2008,female,60,0.0057
2008,female,61,0.0057
2008,female,62,0.0057
2008,female,63,0.0057
2008,female,64,0.0057
2008,female,65,0.009800000000000001
2008,female,66,0.009800000000000001
2008,female,67,0.009800000000000001
2008,female,68,0.009800000000000001
2008,female,69,0.009800000000000001
2008,female,70,0.018699999999999998
2008,female,71,0.018699999999999998
2008,female,72,0.018699999999999998
2008,female,73,0.018699999999999998
2008,female,74,0.018699999999999998
2008,female,75,0.0316
2008,female,76,0.0316
2008,female,77,0.0316
2008,female,78,0.0316
2008,female,79,0.0316
2008,female,80,0.0525
2008,female,81,0.0525
2008,female,82,0.0525
2008,female,83,0.0525
2008,female,84,0.0525
2008,female,85,0.11270000000000001
2009,female,0,0.0017
2009,female,1,0.0002
2009,female,2,0.0002
2009,female,3,0.0002
2009,female,4,0.0002
2009,female,5,0.0001
2009,female,6,0.0001
2009,female,7,0.0001
2009,female,8,0.0001
2009,female,9,0.0001
2009,female,10,0.0001
2009,female,11,0.0001
2009,female,12,0.0001
2009,female,13,0.0001
2009,female,14,0.0001
2009,female,15,0.0002
2009,female,16,0.0002
2009,female,17,0.0002
2009,female,18,0.0002
2009,female,19,0.0002
2009,female,20,0.0002
2009,female,21,0.0002
2009,female,22,0.0002
2009,female,23,0.0002
2009,female,24,0.0002
2009,female,25,0.0002
2009,female,26,0.0002
2009,female,27,0.0002
2009,female,28,0.0002
2009,female,29,0.0002
2009,female,30,0.0003
2009,female,31,0.0003
2009,female,32,0.0003
2009,female,33,0.0003
2009,female,34,0.0003
2009,female,35,0.0004
2009,female,36,0.0004
2009,female,37,0.0004
2009,female,38,0.0004
2009,female,39,0.0004
2009,female,40,0.0007
2009,female,41,0.0007
2009,female,42,0.0007
2009,female,43,0.0007
2009,female,44,0.0007
2009,female,45,0.0013
2009,female,46,0.0013
2009,female,47,0.0013
2009,female,48,0.0013
2009,female,49,0.0013
2009,female,50,0.0022
2009,female,51,0.0022
2009,female,52,0.0022
2009,female,53,0.0022
2009,female,54,0.0022
2009,female,55,0.0033
2009,female,56,0.0033
2009,female,57,0.0033
2009,female,58,0.0033
2009,female,59,0.0033
2009,female,60,0.005
2009,female,61,0.005
2009,female,62,0.005
2009,female,63,0.005
2009,female,64,0.005
2009,female,65,0.009699999999999999
2009,female,66,0.009699999999999999
2009,female,67,0.009699999999999999
2009,female,68,0.009699999999999999
2009,female,69,0.009699999999999999
2009,female,70,0.0158
2009,female,71,0.0158
2009,female,72,0.0158
2009,female,73,0.0158
2009,female,74,0.0158
2009,female,75,0.03
2009,female,76,0.03
2009,female,77,0.03
2009,female,78,0.03
2009,female,79,0.03
2009,female,80,0.0485
2009,female,81,0.0485
2009,female,82,0.0485
2009,female,83,0.0485
2009,female,84,0.0485
2009,female,85,0.11270000000000001
2010,female,0,0.0021000000000000003
2010,female,1,0.0001
2010,female,2,0.0001
2010,female,3,0.0001
2010,female,4,0.0001
2010,female,5,0.0001
2010,female,6,0.0001
2010,female,7,0.0001
2010,female,8,0.0001
2010,female,9,0.0001
2010,female,10,0.0001
2010,female,11,0.0001
2010,female,12,0.0001
2010,female,13,0.0001
2010,female,14,0.0001
2010,female,15,0.0001
2010,female,16,0.0001
2010,female,17,0.0001
2010,female,18,0.0001
2010,female,19,0.0001
2010,female,20,0.0002
2010,female,21,0.0002
2010,female,22,0.0002
2010,female,23,0.0002
2010,female,24,0.0002
2010,female,25,0.0002
2010,female,26,0.0002
2010,female,27,0.0002
2010,female,28,0.0002
2010,female,29,0.0002
2010,female,30,0.0002
2010,female,31,0.0002
2010,female,32,0.0002
2010,female,33,0.0002
2010,female,34,0.0002
2010,female,35,0.0005
2010,female,36,0.0005
2010,female,37,0.0005
2010,female,38,0.0005
2010,female,39,0.0005
2010,female,40,0.0007
2010,female,41,0.0007
2010,female,42,0.0007
2010,female,43,0.0007
2010,female,44,0.0007
2010,female,45,0.0012
2010,female,46,0.0012
2010,female,47,0.0012
2010,female,48,0.0012
2010,female,49,0.0012
2010,female,50,0.0019
2010,female,51,0.0019
2010,female,52,0.0019
2010,female,53,0.0019
2010,female,54,0.0019
2010,female,55,0.0033
2010,female,56,0.0033
2010,female,57,0.0033
2010,female,58,0.0033
2010,female,59,0.0033
2010,female,60,0.0053
2010,female,61,0.0053
2010,female,62,0.0053
2010,female,63,0.0053
2010,female,64,0.0053
2010,female,65,0.0088
2010,female,66,0.0088
2010,female,67,0.0088
2010,female,68,0.0088
2010,female,69,0.0088
2010,female,70,0.015099999999999999
2010,female,71,0.015099999999999999
2010,female,72,0.015099999999999999
2010,female,73,0.015099999999999999
2010,female,74,0.015099999999999999
2010,female,75,0.027100000000000003
2010,female,76,0.027100000000000003
2010,female,77,0.027100000000000003
2010,female,78,0.027100000000000003
2010,female,79,0.027100000000000003
2010,female,80,0.0502
2010,female,81,0.0502
2010,female,82,0.0502
2010,female,83,0.0502
2010,female,84,0.0502
2010,female,85,0.1125
2011,female,0,0.0017
2011,female,1,0.0001
2011,female,2,0.0001
2011,female,3,0.0001
2011,female,4,0.0001
2011,female,5,0.0001
2011,female,6,0.0001
2011,female,7,0.0001
2011,female,8,0.0001
2011,female,9,0.0001
2011,female,10,0.0001
2011,female,11,0.0001
2011,female,12,0.0001
2011,female,13,0.0001
2011,female,14,0.0001
2011,female,15,0.0002
2011,female,16,0.0002
2011,female,17,0.0002
2011,female,18,0.0002
2011,female,19,0.0002
2011,female,20,0.0002
2011,female,21,0.0002
2011,female,22,0.0002
2011,female,23,0.0002
2011,female,24,0.0002
2011,female,25,0.0002
2011,female,26,0.0002
2011,female,27,0.0002
2011,female,28,0.0002
2011,female,29,0.0002
2011,female,30,0.0003
2011,female,31,0.0003
2011,female,32,0.0003
2011,female,33,0.0003
2011,female,34,0.0003
2011,female,35,0.0004
2011,female,36,0.0004
2011,female,37,0.0004
2011,female,38,0.0004
2011,female,39,0.0004
2011,female,40,0.0008
2011,female,41,0.0008
2011,female,42,0.0008
2011,female,43,0.0008
2011,female,44,0.0008
2011,female,45,0.0013
2011,female,46,0.0013
2011,female,47,0.0013
2011,female,48,0.0013
2011,female,49,0.0013
2011,female,50,0.0021000000000000003
2011,female,51,0.0021000000000000003
2011,female,52,0.0021000000000000003
2011,female,53,0.0021000000000000003
2011,female,54,0.0021000000000000003
2011,female,55,0.0029
2011,female,56,0.0029
2011,female,57,0.0029
2011,female,58,0.0029
2011,female,59,0.0029
2011,female,60,0.0052
2011,female,61,0.0052
2011,female,62,0.0052
2011,female,63,0.0052
2011,female,64,0.0052
2011,female,65,0.009
2011,female,66,0.009
2011,female,67,0.009
2011,female,68,0.009
2011,female,69,0.009
2011,female,70,0.0147
2011,female,71,0.0147
2011,female,72,0.0147
2011,female,73,0.0147
2011,female,74,0.0147
2011,female,75,0.029
2011,female,76,0.029
2011,female,77,0.029
2011,female,78,0.029
2011,female,79,0.029
2011,female,80,0.0484
2011,female,81,0.0484
2011,female,82,0.0484
2011,female,83,0.0484
2011,female,84,0.0484
2011,female,85,0.10940000000000001
2012,female,0,0.0016
2012,female,1,0.0001
2012,female,2,0.0001
2012,female,3,0.0001
2012,female,4,0.0001
2012,female,5,0.0001
2012,female,6,0.0001
2012,female,7,0.0001
2012,female,8,0.0001
2012,female,9,0.0001
2012,female,10,0.0001
2012,female,11,0.0001
2012,female,12,0.0001
2012,female,13,0.0001
2012,female,14,0.0001
2012,female,15,0.0002
2012,female,16,0.0002
2012,female,17,0.0002
2012,female,18,0.0002
2012,female,19,0.0002
2012,female,20,0.0002
2012,female,21,0.0002
2012,female,22,0.0002
2012,female,23,0.0002
2012,female,24,0.0002
2012,female,25,0.0002
2012,female,26,0.0002
2012,female,27,0.0002
2012,female,28,0.0002
2012,female,29,0.0002
2012,female,30,0.0004
2012,female,31,0.0004
2012,female,32,0.0004
2012,female,33,0.0004
2012,female,34,0.0004
2012,female,35,0.0005
2012,female,36,0.0005
2012,female,37,0.0005
2012,female,38,0.0005
2012,female,39,0.0005
2012,female,40,0.0007
2012,female,41,0.0007
2012,female,42,0.0007
2012,female,43,0.0007
2012,female,44,0.0007
2012,female,45,0.0013
2012,female,46,0.0013
2012,female,47,0.0013
2012,female,48,0.0013
2012,female,49,0.0013
2012,female,50,0.002
2012,female,51,0.002
2012,female,52,0.002
2012,female,53,0.002
2012,female,54,0.002
2012,female,55,0.0033
2012,female,56,0.0033
2012,female,57,0.0033
2012,female,58,0.0033
2012,female,59,0.0033
2012,female,60,0.0050999999999999995
2012,female,61,0.0050999999999999995
2012,female,62,0.0050999999999999995
2012,female,63,0.0050999999999999995
2012,female,64,0.0050999999999999995
2012,female,65,0.0087
2012,female,66,0.0087
2012,female,67,0.0087
2012,female,68,0.0087
2012,female,69,0.0087
2012,female,70,0.0145
2012,female,71,0.0145
2012,female,72,0.0145
2012,female,73,0.0145
2012,female,74,0.0145
2012,female,75,0.0263
2012,female,76,0.0263
2012,female,77,0.0263
2012,female,78,0.0263
2012,female,79,0.0263
2012,female,80,0.0464
2012,female,81,0.0464
2012,female,82,0.0464
2012,female,83,0.0464
2012,female,84,0.0464
2012,female,85,0.1083
2013,female,0,0.0021000000000000003
2013,female,1,0.0002
2013,female,2,0.0002
2013,female,3,0.0002
2013,female,4,0.0002
2013,female,5,0.0001
2013,female,6,0.0001
2013,female,7,0.0001
2013,female,8,0.0001
2013,female,9,0.0001
2013,female,10,0.0001
2013,female,11,0.0001
2013,female,12,0.0001
2013,female,13,0.0001
2013,female,14,0.0001
2013,female,15,0.0002
2013,female,16,0.0002
2013,female,17,0.0002
2013,female,18,0.0002
2013,female,19,0.0002
2013,female,20,0.0002
2013,female,21,0.0002
2013,female,22,0.0002
2013,female,23,0.0002
2013,female,24,0.0002
2013,female,25,0.0002
2013,female,26,0.0002
2013,female,27,0.0002
2013,female,28,0.0002
2013,female,29,0.0002
2013,female,30,0.0003
2013,female,31,0.0003
2013,female,32,0.0003
2013,female,33,0.0003
2013,female,34,0.0003
2013,female,35,0.0004
2013,female,36,0.0004
2013,female,37,0.0004
2013,female,38,0.0004
2013,female,39,0.0004
2013,female,40,0.0007
2013,female,41,0.0007
2013,female,42,0.0007
2013,female,43,0.0007
2013,female,44,0.0007
2013,female,45,0.0011
2013,female,46,0.0011
2013,female,47,0.0011
2013,female,48,0.0011
2013,female,49,0.0011
2013,female,50,0.002
2013,female,51,0.002
2013,female,52,0.002
2013,female,53,0.002
2013,female,54,0.002
2013,female,55,0.003
2013,female,56,0.003
2013,female,57,0.003
2013,female,58,0.003
2013,female,59,0.003
2013,female,60,0.0050999999999999995
2013,female,61,0.0050999999999999995
2013,female,62,0.0050999999999999995
2013,female,63,0.0050999999999999995
2013,female,64,0.0050999999999999995
2013,female,65,0.0078
2013,female,66,0.0078
2013,female,67,0.0078
2013,female,68,0.0078
2013,female,69,0.0078
2013,female,70,0.014199999999999999
2013,female,71,0.014199999999999999
2013,female,72,0.014199999999999999
2013,female,73,0.014199999999999999
2013,female,74,0.014199999999999999
2013,female,75,0.0263
2013,female,76,0.0263
2013,female,77,0.0263
2013,female,78,0.0263
2013,female,79,0.0263
2013,female,80,0.047200000000000006
2013,female,81,0.047200000000000006
2013,female,82,0.047200000000000006
2013,female,83,0.047200000000000006
2013,female,84,0.047200000000000006
2013,female,85,0.10909999999999999
2014,female,0,0.0017
2014,female,1,0.0001
2014,female,2,0.0001
2014,female,3,0.0001
2014,female,4,0.0001
2014,female,5,0.0001
2014,female,6,0.0001
2014,female,7,0.0001
2014,female,8,0.0001
2014,female,9,0.0001
2014,female,10,0.0001
2014,female,11,0.0001
2014,female,12,0.0001
2014,female,13,0.0001
2014,female,14,0.0001
2014,female,15,0.0002
2014,female,16,0.0002
2014,female,17,0.0002
2014,female,18,0.0002
2014,female,19,0.0002
2014,female,20,0.0001
2014,female,21,0.0001
2014,female,22,0.0001
2014,female,23,0.0001
2014,female,24,0.0001
2014,female,25,0.0001
2014,female,26,0.0001
2014,female,27,0.0001
2014,female,28,0.0001
2014,female,29,0.0001
2014,female,30,0.0002
2014,female,31,0.0002
2014,female,32,0.0002
2014,female,33,0.0002
2014,female,34,0.0002
2014,female,35,0.0003
2014,female,36,0.0003
2014,female,37,0.0003
2014,female,38,0.0003
2014,female,39,0.0003
2014,female,40,0.0007
2014,female,41,0.0007
2014,female,42,0.0007
2014,female,43,0.0007
2014,female,44,0.0007
2014,female,45,0.0012
2014,female,46,0.0012
2014,female,47,0.0012
2014,female,48,0.0012
2014,female,49,0.0012
2014,female,50,0.0019
2014,female,51,0.0019
2014,female,52,0.0019
2014,female,53,0.0019
2014,female,54,0.0019
2014,female,55,0.0032
2014,female,56,0.0032
2014,female,57,0.0032
2014,female,58,0.0032
2014,female,59,0.0032
2014,female,60,0.0044
2014,female,61,0.0044
2014,female,62,0.0044
2014,female,63,0.0044
2014,female,64,0.0044
2014,female,65,0.0075
2014,female,66,0.0075
2014,female,67,0.0075
2014,female,68,0.0075
2014,female,69,0.0075
2014,female,70,0.0135
2014,female,71,0.0135
2014,female,72,0.0135
2014,female,73,0.0135
2014,female,74,0.0135
2014,female,75,0.0259
2014,female,76,0.0259
2014,female,77,0.0259
2014,female,78,0.0259
2014,female,79,0.0259
2014,female,80,0.0466
2014,female,81,0.0466
2014,female,82,0.0466
2014,female,83,0.0466
2014,female,84,0.0466
2014,female,85,0.1088
2015,female,0,0.0012
2015,female,1,0.0001
2015,female,2,0.0001
2015,female,3,0.0001
2015,female,4,0.0001
2015,female,5,0.0001
2015,female,6,0.0001
2015,female,7,0.0001
2015,female,8,0.0001
2015,female,9,0.0001
2015,female,10,0.0001
2015,female,11,0.0001
2015,female,12,0.0001
2015,female,13,0.0001
2015,female,14,0.0001
2015,female,15,0.0002
2015,female,16,0.0002
2015,female,17,0.0002
2015,female,18,0.0002
2015,female,19,0.0002
2015,female,20,0.0002
2015,female,21,0.0002
2015,female,22,0.0002
2015,female,23,0.0002
2015,female,24,0.0002
2015,female,25,0.0002
2015,female,26,0.0002
2015,female,27,0.0002
2015,female,28,0.0002
2015,female,29,0.0002
2015,female,30,0.0003
2015,female,31,0.0003
2015,female,32,0.0003
2015,female,33,0.0003
2015,female,34,0.0003
2015,female,35,0.0004
2015,female,36,0.0004
2015,female,37,0.0004
2015,female,38,0.0004
2015,female,39,0.0004
2015,female,40,0.0006
2015,female,41,0.0006
2015,female,42,0.0006
2015,female,43,0.0006
2015,female,44,0.0006
2015,female,45,0.0011
2015,female,46,0.0011
2015,female,47,0.0011
2015,female,48,0.0011
2015,female,49,0.0011
2015,female,50,0.0019
2015,female,51,0.0019
2015,female,52,0.0019
2015,female,53,0.0019
2015,female,54,0.0019
2015,female,55,0.0031
2015,female,56,0.0031
2015,female,57,0.0031
2015,female,58,0.0031
2015,female,59,0.0031
2015,female,60,0.0045
2015,female,61,0.0045
2015,female,62,0.0045
2015,female,63,0.0045
2015,female,64,0.0045
2015,female,65,0.0070999999999999995
2015,female,66,0.0070999999999999995
2015,female,67,0.0070999999999999995
2015,female,68,0.0070999999999999995
2015,female,69,0.0070999999999999995
2015,female,70,0.0132
2015,female,71,0.0132
2015,female,72,0.0132
2015,female,73,0.0132
2015,female,74,0.0132
2015,female,75,0.024399999999999998
2015,female,76,0.024399999999999998
2015,female,77,0.024399999999999998
2015,female,78,0.024399999999999998
2015,female,79,0.024399999999999998
2015,female,80,0.0434
2015,female,81,0.0434
2015,female,82,0.0434
2015,female,83,0.0434
2015,female,84,0.0434
2015,female,85,0.1082
2016,female,0,0.0025
2016,female,1,0.0001
2016,female,2,0.0001
2016,female,3,0.0001
2016,female,4,0.0001
2016,female,5,0.0001
2016,female,6,0.0001
2016,female,7,0.0001
2016,female,8,0.0001
2016,female,9,0.0001
2016,female,10,0.0001
2016,female,11,0.0001
2016,female,12,0.0001
2016,female,13,0.0001
2016,female,14,0.0001
2016,female,15,0.0001
2016,female,16,0.0001
2016,female,17,0.0001
2016,female,18,0.0001
2016,female,19,0.0001
2016,female,20,0.0002
2016,female,21,0.0002
2016,female,22,0.0002
2016,female,23,0.0002
2016,female,24,0.0002
2016,female,25,0.0002
2016,female,26,0.0002
2016,female,27,0.0002
2016,female,28,0.0002
2016,female,29,0.0002
2016,female,30,0.0002
2016,female,31,0.0002
2016,female,32,0.0002
2016,female,33,0.0002
2016,female,34,0.0002
2016,female,35,0.0003
2016,female,36,0.0003
2016,female,37,0.0003
2016,female,38,0.0003
2016,female,39,0.0003
2016,female,40,0.0008
2016,female,41,0.0008
2016,female,42,0.0008
2016,female,43,0.0008
2016,female,44,0.0008
2016,female,45,0.0011
2016,female,46,0.0011
2016,female,47,0.0011
2016,female,48,0.0011
2016,female,49,0.0011
2016,female,50,0.0018
2016,female,51,0.0018
2016,female,52,0.0018
2016,female,53,0.0018
2016,female,54,0.0018
2016,female,55,0.003
2016,female,56,0.003
2016,female,57,0.003
2016,female,58,0.003
2016,female,59,0.003
2016,female,60,0.0043
2016,female,61,0.0043
2016,female,62,0.0043
2016,female,63,0.0043
2016,female,64,0.0043
2016,female,65,0.007
2016,female,66,0.007
2016,female,67,0.007
2016,female,68,0.007
2016,female,69,0.007
2016,female,70,0.0115
2016,female,71,0.0115
2016,female,72,0.0115
2016,female,73,0.0115
2016,female,74,0.0115
2016,female,75,0.0235
2016,female,76,0.0235
2016,female,77,0.0235
2016,female,78,0.0235
2016,female,79,0.0235
2016,female,80,0.0437
2016,female,81,0.0437
2016,female,82,0.0437
2016,female,83,0.0437
2016,female,84,0.0437
2016,female,85,0.1
2017,female,0,0.0024
2017,female,1,0.0001
2017,female,2,0.0001
2017,female,3,0.0001
2017,female,4,0.0001
2017,female,5,0.0001
2017,female,6,0.0001
2017,female,7,0.0001
2017,female,8,0.0001
2017,female,9,0.0001
2017,female,10,0.0001
2017,female,11,0.0001
2017,female,12,0.0001
2017,female,13,0.0001
2017,female,14,0.0001
2017,female,15,0.0001
2017,female,16,0.0001
2017,female,17,0.0001
2017,female,18,0.0001
2017,female,19,0.0001
2017,female,20,0.0001
2017,female,21,0.0001
2017,female,22,0.0001
2017,female,23,0.0001
2017,female,24,0.0001
2017,female,25,0.0002
2017,female,26,0.0002
2017,female,27,0.0002
2017,female,28,0.0002
2017,female,29,0.0002
2017,female,30,0.0003
2017,female,31,0.0003
2017,female,32,0.0003
2017,female,33,0.0003
2017,female,34,0.0003
2017,female,35,0.0003
2017,female,36,0.0003
2017,female,37,0.0003
2017,female,38,0.0003
2017,female,39,0.0003
2017,female,40,0.0005
2017,female,41,0.0005
2017,female,42,0.0005
2017,female,43,0.0005
2017,female,44,0.0005
2017,female,45,0.0011
2017,female,46,0.0011
2017,female,47,0.0011
2017,female,48,0.0011
2017,female,49,0.0011
2017,female,50,0.002
2017,female,51,0.002
2017,female,52,0.002
2017,female,53,0.002
2017,female,54,0.002
2017,female,55,0.003
2017,female,56,0.003
2017,female,57,0.003
2017,female,58,0.003
2017,female,59,0.003
2017,female,60,0.0045
2017,female,61,0.0045
2017,female,62,0.0045
2017,female,63,0.0045
2017,female,64,0.0045
2017,female,65,0.007
2017,female,66,0.007
2017,female,67,0.007
2017,female,68,0.007
2017,female,69,0.007
2017,female,70,0.0116
2017,female,71,0.0116
2017,female,72,0.0116
2017,female,73,0.0116
2017,female,74,0.0116
2017,female,75,0.0222
2017,female,76,0.0222
2017,female,77,0.0222
2017,female,78,0.0222
2017,female,79,0.0222
2017,female,80,0.045399999999999996
2017,female,81,0.045399999999999996
2017,female,82,0.045399999999999996
2017,female,83,0.045399999999999996
2017,female,84,0.045399999999999996
2017,female,85,0.1034
2018,female,0,0.0019
2018,female,1,0.0001
2018,female,2,0.0001
2018,female,3,0.0001
2018,female,4,0.0001
2018,female,5,0.0001
2018,female,6,0.0001
2018,female,7,0.0001
2018,female,8,0.0001
2018,female,9,0.0001
2018,female,10,0.0001
2018,female,11,0.0001
2018,female,12,0.0001
2018,female,13,0.0001
2018,female,14,0.0001
2018,female,15,0.0001
2018,female,16,0.0001
2018,female,17,0.0001
2018,female,18,0.0001
2018,female,19,0.0001
2018,female,20,0.0002
2018,female,21,0.0002
2018,female,22,0.0002
2018,female,23,0.0002
2018,female,24,0.0002
2018,female,25,0.0002
2018,female,26,0.0002
2018,female,27,0.0002
2018,female,28,0.0002
2018,female,29,0.0002
2018,female,30,0.0003
2018,female,31,0.0003
2018,female,32,0.0003
2018,female,33,0.0003
2018,female,34,0.0003
2018,female,35,0.0004
2018,female,36,0.0004
2018,female,37,0.0004
2018,female,38,0.0004
2018,female,39,0.0004
2018,female,40,0.0005
2018,female,41,0.0005
2018,female,42,0.0005
2018,female,43,0.0005
2018,female,44,0.0005
2018,female,45,0.001
2018,female,46,0.001
2018,female,47,0.001
2018,female,48,0.001
2018,female,49,0.001
2018,female,50,0.0018
2018,female,51,0.0018
2018,female,52,0.0018
2018,female,53,0.0018
2018,female,54,0.0018
2018,female,55,0.0027
2018,female,56,0.0027
2018,female,57,0.0027
2018,female,58,0.0027
2018,female,59,0.0027
2018,female,60,0.0044
2018,female,61,0.0044
2018,female,62,0.0044
2018,female,63,0.0044
2018,female,64,0.0044
2018,female,65,0.0066
2018,female,66,0.0066
2018,female,67,0.0066
2018,female,68,0.0066
2018,female,69,0.0066
2018,female,70,0.011300000000000001
2018,female,71,0.011300000000000001
2018,female,72,0.011300000000000001
2018,female,73,0.011300000000000001
2018,female,74,0.011300000000000001
2018,female,75,0.0223
2018,female,76,0.0223
2018,female,77,0.0223
2018,female,78,0.0223
2018,female,79,0.0223
2018,female,80,0.0432
2018,female,81,0.0432
2018,female,82,0.0432
2018,female,83,0.0432
2018,female,84,0.0432
2018,female,85,0.1027
2019,female,0,0.0016
2019,female,1,0.0001
2019,female,2,0.0001
2019,female,3,0.0001
2019,female,4,0.0001
2019,female,5,0.0001
2019,female,6,0.0001
2019,female,7,0.0001
2019,female,8,0.0001
2019,female,9,0.0001
2019,female,10,0.0001
2019,female,11,0.0001
2019,female,12,0.0001
2019,female,13,0.0001
2019,female,14,0.0001
2019,female,15,0.0001
2019,female,16,0.0001
2019,female,17,0.0001
2019,female,18,0.0001
2019,female,19,0.0001
2019,female,20,0.0001
2019,female,21,0.0001
2019,female,22,0.0001
2019,female,23,0.0001
2019,female,24,0.0001
2019,female,25,0.0002
2019,female,26,0.0002
2019,female,27,0.0002
2019,female,28,0.0002
2019,female,29,0.0002
2019,female,30,0.0003
2019,female,31,0.0003
2019,female,32,0.0003
2019,female,33,0.0003
2019,female,34,0.0003
2019,female,35,0.0003
2019,female,36,0.0003
2019,female,37,0.0003
2019,female,38,0.0003
2019,female,39,0.0003
2019,female,40,0.0006
2019,female,41,0.0006
2019,female,42,0.0006
2019,female,43,0.0006
2019,female,44,0.0006
2019,female,45,0.0009
2019,female,46,0.0009
2019,female,47,0.0009
2019,female,48,0.0009
2019,female,49,0.0009
2019,female,50,0.0017
2019,female,51,0.0017
2019,female,52,0.0017
2019,female,53,0.0017
2019,female,54,0.0017
2019,female,55,0.0028
2019,female,56,0.0028
2019,female,57,0.0028
2019,female,58,0.0028
2019,female,59,0.0028
2019,female,60,0.004200000000000001
2019,female,61,0.004200000000000001
2019,female,62,0.004200000000000001
2019,female,63,0.004200000000000001
2019,female,64,0.004200000000000001
2019,female,65,0.0063
2019,female,66,0.0063
2019,female,67,0.0063
2019,female,68,0.0063
2019,female,69,0.0063
2019,female,70,0.0109
2019,female,71,0.0109
2019,female,72,0.0109
2019,female,73,0.0109
2019,female,74,0.0109
2019,female,75,0.0207
2019,female,76,0.0207
2019,female,77,0.0207
2019,female,78,0.0207
2019,female,79,0.0207
2019,female,80,0.0389
2019,female,81,0.0389
2019,female,82,0.0389
2019,female,83,0.0389
2019,female,84,0.0389
2019,female,85,0.1008
2020,female,0,0.0014
2020,female,1,0.0001
2020,female,2,0.0001
2020,female,3,0.0001
2020,female,4,0.0001
2020,female,5,0.0001
2020,female,6,0.0001
2020,female,7,0.0001
2020,female,8,0.0001
2020,female,9,0.0001
2020,female,10,0.0001
2020,female,11,0.0001
2020,female,12,0.0001
2020,female,13,0.0001
2020,female,14,0.0001
2020,female,15,0.0001
2020,female,16,0.0001
2020,female,17,0.0001
2020,female,18,0.0001
2020,female,19,0.0001
2020,female,20,0.0002
2020,female,21,0.0002
2020,female,22,0.0002
2020,female,23,0.0002
2020,female,24,0.0002
2020,female,25,0.0002
2020,female,26,0.0002
2020,female,27,0.0002
2020,female,28,0.0002
2020,female,29,0.0002
2020,female,30,0.0002
2020,female,31,0.0002
2020,female,32,0.0002
2020,female,33,0.0002
2020,female,34,0.0002
2020,female,35,0.0004
2020,female,36,0.0004
2020,female,37,0.0004
2020,female,38,0.0004
2020,female,39,0.0004
2020,female,40,0.0006
2020,female,41,0.0006
2020,female,42,0.0006
2020,female,43,0.0006
2020,female,44,0.0006
2020,female,45,0.001
2020,female,46,0.001
2020,female,47,0.001
2020,female,48,0.001
2020,female,49,0.001
2020,female,50,0.0017
2020,female,51,0.0017
2020,female,52,0.0017
2020,female,53,0.0017
2020,female,54,0.0017
2020,female,55,0.0027
2020,female,56,0.0027
2020,female,57,0.0027
2020,female,58,0.0027
2020,female,59,0.0027
2020,female,60,0.0038
2020,female,61,0.0038
2020,female,62,0.0038
2020,female,63,0.0038
2020,female,64,0.0038
2020,female,65,0.0065
2020,female,66,0.0065
2020,female,67,0.0065
2020,female,68,0.0065
2020,female,69,0.0065
2020,female,70,0.0101
2020,female,71,0.0101
2020,female,72,0.0101
2020,female,73,0.0101
2020,female,74,0.0101
2020,female,75,0.018600000000000002
2020,female,76,0.018600000000000002
2020,female,77,0.018600000000000002
2020,female,78,0.018600000000000002
2020,female,79,0.018600000000000002
2020,female,80,0.0384
2020,female,81,0.0384
2020,female,82,0.0384
2020,female,83,0.0384
2020,female,84,0.0384
2020,female,85,0.09620000000000001
2021,female,0,0.0019
2021,female,1,0.0001
2021,female,2,0.0001
2021,female,3,0.0001
2021,female,4,0.0001
2021,female,5,0.0001
2021,female,6,0.0001
2021,female,7,0.0001
2021,female,8,0.0001
2021,female,9,0.0001
2021,female,10,0.0001
2021,female,11,0.0001
2021,female,12,0.0001
2021,female,13,0.0001
2021,female,14,0.0001
2021,female,15,0.0003
2021,female,16,0.0003
2021,female,17,0.0003
2021,female,18,0.0003
2021,female,19,0.0003
2021,female,20,0.0002
2021,female,21,0.0002
2021,female,22,0.0002
2021,female,23,0.0002
2021,female,24,0.0002
2021,female,25,0.0002
2021,female,26,0.0002
2021,female,27,0.0002
2021,female,28,0.0002
2021,female,29,0.0002
2021,female,30,0.0002
2021,female,31,0.0002
2021,female,32,0.0002
2021,female,33,0.0002
2021,female,34,0.0002
2021,female,35,0.0004
2021,female,36,0.0004
2021,female,37,0.0004
2021,female,38,0.0004
2021,female,39,0.0004
2021,female,40,0.0006
2021,female,41,0.0006
2021,female,42,0.0006
2021,female,43,0.0006
2021,female,44,0.0006
2021,female,45,0.0011
2021,female,46,0.0011
2021,female,47,0.0011
2021,female,48,0.0011
2021,female,49,0.0011
2021,female,50,0.0018
2021,female,51,0.0018
2021,female,52,0.0018
2021,female,53,0.0018
2021,female,54,0.0018
2021,female,55,0.0026
2021,female,56,0.0026
2021,female,57,0.0026
2021,female,58,0.0026
2021,female,59,0.0026
2021,female,60,0.0043
2021,female,61,0.0043
2021,female,62,0.0043
2021,female,63,0.0043
2021,female,64,0.0043
2021,female,65,0.0068
2021,female,66,0.0068
2021,female,67,0.0068
2021,female,68,0.0068
2021,female,69,0.0068
2021,female,70,0.0108
2021,female,71,0.0108
2021,female,72,0.0108
2021,female,73,0.0108
2021,female,74,0.0108
2021,female,75,0.0219
2021,female,76,0.0219
2021,female,77,0.0219
2021,female,78,0.0219
2021,female,79,0.0219
2021,female,80,0.039700000000000006
2021,female,81,0.039700000000000006
2021,female,82,0.039700000000000006
2021,female,83,0.039700000000000006
2021,female,84,0.039700000000000006
2021,female,85,0.10909999999999999
2022,female,0,0.0016
2022,female,1,0.0001
2022,female,2,0.0001
2022,female,3,0.0001
2022,female,4,0.0001
2022,female,5,0.0001
2022,female,6,0.0001
2022,female,7,0.0001
2022,female,8,0.0001
2022,female,9,0.0001
2022,female,10,0.0001
2022,female,11,0.0001
2022,female,12,0.0001
2022,female,13,0.0001
2022,female,14,0.0001
2022,female,15,0.0001
2022,female,16,0.0001
2022,female,17,0.0001
2022,female,18,0.0001
2022,female,19,0.0001
2022,female,20,0.0002
2022,female,21,0.0002
2022,female,22,0.0002
2022,female,23,0.0002
2022,female,24,0.0002
2022,female,25,0.0001
2022,female,26,0.0001
2022,female,27,0.0001
2022,female,28,0.0001
2022,female,29,0.0001
2022,female,30,0.0003
2022,female,31,0.0003
2022,female,32,0.0003
2022,female,33,0.0003
2022,female,34,0.0003
2022,female,35,0.0005
2022,female,36,0.0005
2022,female,37,0.0005
2022,female,38,0.0005
2022,female,39,0.0005
2022,female,40,0.0005
2022,female,41,0.0005
2022,female,42,0.0005
2022,female,43,0.0005
2022,female,44,0.0005
2022,female,45,0.001
2022,female,46,0.001
2022,female,47,0.001
2022,female,48,0.001
2022,female,49,0.001
2022,female,50,0.0016
2022,female,51,0.0016
2022,female,52,0.0016
2022,female,53,0.0016
2022,female,54,0.0016
2022,female,55,0.0027
2022,female,56,0.0027
2022,female,57,0.0027
2022,female,58,0.0027
2022,female,59,0.0027
2022,female,60,0.0045
2022,female,61,0.0045
2022,female,62,0.0045
2022,female,63,0.0045
2022,female,64,0.0045
2022,female,65,0.007
2022,female,66,0.007
2022,female,67,0.007
2022,female,68,0.007
2022,female,69,0.007
2022,female,70,0.011300000000000001
2022,female,71,0.011300000000000001
2022,female,72,0.011300000000000001
2022,female,73,0.011300000000000001
2022,female,74,0.011300000000000001
2022,female,75,0.0221
2022,female,76,0.0221
2022,female,77,0.0221
2022,female,78,0.0221
2022,female,79,0.0221
2022,female,80,0.0436
2022,female,81,0.0436
2022,female,82,0.0436
2022,female,83,0.0436
2022,female,84,0.0436
2022,female,85,0.122
2023,female,0,0.0026
2023,female,1,0.0001
2023,female,2,0.0001
2023,female,3,0.0001
2023,female,4,0.0001
2023,female,5,0.0001
2023,female,6,0.0001
2023,female,7,0.0001
2023,female,8,0.0001
2023,female,9,0.0001
2023,female,10,0.0001
2023,female,11,0.0001
2023,female,12,0.0001
2023,female,13,0.0001
2023,female,14,0.0001
2023,female,15,0.0002
2023,female,16,0.0002
2023,female,17,0.0002
2023,female,18,0.0002
2023,female,19,0.0002
2023,female,20,0.0001
2023,female,21,0.0001
2023,female,22,0.0001
2023,female,23,0.0001
2023,female,24,0.0001
2023,female,25,0.0002
2023,female,26,0.0002
2023,female,27,0.0002
2023,female,28,0.0002
2023,female,29,0.0002
2023,female,30,0.0002
2023,female,31,0.0002
2023,female,32,0.0002
2023,female,33,0.0002
2023,female,34,0.0002
2023,female,35,0.0004
2023,female,36,0.0004
2023,female,37,0.0004
2023,female,38,0.0004
2023,female,39,0.0004
2023,female,40,0.0006
2023,female,41,0.0006
2023,female,42,0.0006
2023,female,43,0.0006
2023,female,44,0.0006
2023,female,45,0.0009
2023,female,46,0.0009
2023,female,47,0.0009
2023,female,48,0.0009
2023,female,49,0.0009
2023,female,50,0.0015
2023,female,51,0.0015
2023,female,52,0.0015
2023,female,53,0.0015
2023,female,54,0.0015
2023,female,55,0.0026
2023,female,56,0.0026
2023,female,57,0.0026
2023,female,58,0.0026
2023,female,59,0.0026
2023,female,60,0.0039
2023,female,61,0.0039
2023,female,62,0.0039
2023,female,63,0.0039
2023,female,64,0.0039
2023,female,65,0.0063
2023,female,66,0.0063
2023,female,67,0.0063
2023,female,68,0.0063
2023,female,69,0.0063
2023,female,70,0.0109
2023,female,71,0.0109
2023,female,72,0.0109
2023,female,73,0.0109
2023,female,74,0.0109
2023,female,75,0.0195
2023,female,76,0.0195
2023,female,77,0.0195
2023,female,78,0.0195
2023,female,79,0.0195
2023,female,80,0.041
2023,female,81,0.041
2023,female,82,0.041
2023,female,83,0.041
2023,female,84,0.041
2023,female,85,0.1206
2024,female,0,0.0028
2024,female,1,0.0001
2024,female,2,0.0001
2024,female,3,0.0001
2024,female,4,0.0001
2024,female,5,0.0001
2024,female,6,0.0001
2024,female,7,0.0001
2024,female,8,0.0001
2024,female,9,0.0001
2024,female,10,0.0001
2024,female,11,0.0001
2024,female,12,0.0001
2024,female,13,0.0001
2024,female,14,0.0001
2024,female,15,0.0003
2024,female,16,0.0003
2024,female,17,0.0003
2024,female,18,0.0003
2024,female,19,0.0003
2024,female,20,0.0002
2024,female,21,0.0002
2024,female,22,0.0002
2024,female,23,0.0002
2024,female,24,0.0002
2024,female,25,0.0002
2024,female,26,0.0002
2024,female,27,0.0002
2024,female,28,0.0002
2024,female,29,0.0002
2024,female,30,0.0002
2024,female,31,0.0002
2024,female,32,0.0002
2024,female,33,0.0002
2024,female,34,0.0002
2024,female,35,0.0004
2024,female,36,0.0004
2024,female,37,0.0004
2024,female,38,0.0004
2024,female,39,0.0004
2024,female,40,0.0006
2024,female,41,0.0006
2024,female,42,0.0006
2024,female,43,0.0006
2024,female,44,0.0006
2024,female,45,0.001
2024,female,46,0.001
2024,female,47,0.001
2024,female,48,0.001
2024,female,49,0.001
2024,female,50,0.0016
2024,female,51,0.0016
2024,female,52,0.0016
2024,female,53,0.0016
2024,female,54,0.0016
2024,female,55,0.0024
2024,female,56,0.0024
2024,female,57,0.0024
2024,female,58,0.0024
2024,female,59,0.0024
2024,female,60,0.0039
2024,female,61,0.0039
2024,female,62,0.0039
2024,female,63,0.0039
2024,female,64,0.0039
2024,female,65,0.0066
2024,female,66,0.0066
2024,female,67,0.0066
2024,female,68,0.0066
2024,female,69,0.0066
2024,female,70,0.0109
2024,female,71,0.0109
2024,female,72,0.0109
2024,female,73,0.0109
2024,female,74,0.0109
2024,female,75,0.0188
2024,female,76,0.0188
2024,female,77,0.0188
2024,female,78,0.0188
2024,female,79,0.0188
2024,female,80,0.0389
2024,female,81,0.0389
2024,female,82,0.0389
2024,female,83,0.0389
2024,female,84,0.0389
2024,female,85,0.105
